id,domain,status,purchase_price,renewal_price,attractiveness,demand,length,registrar,created_at,expires_at,status_verified_at
3dfe21a3-5cb2-4e81-a7a3-ef88ed470622,hospitality.viajes,available,35.18,35.18,high,low,11,spaceship,,,28/09/2026 04:30
523b47e6-ec94-4920-8294-53b6801ef721,hospitality.rest,premium,,,high,low,11,,,,28/09/2026 04:30
7f2d521c-e92a-4bf6-b58c-a023b61f4c16,hospitality.space,premium,5000.2,6900,high,low,11,unstoppable,,,28/09/2026 04:30
4ea9793f-afbf-4408-b74e-4041625f3204,hospitality.reise,available,77.83,77.83,high,low,11,spaceship,,,28/09/2026 04:30
0d17c6b9-66c6-430c-977a-c2ea409d53aa,hospitality.restaurant,available,20,,high,low,11,unstoppable,,,28/09/2026 04:30
28084e77-4f41-44ac-989f-394b31662876,hospitality.hamburg,available,69.98,73.98,high,low,11,namecheap,,,28/09/2026 04:30
934abb89-d45b-4159-b215-4117d732a314,hospitality.holiday,available,50.2,50.2,high,low,11,cloudflare,,,28/09/2026 04:30
0ea10830-1e3e-4239-bab2-658f7cd9154a,hospitality.homes,resell,,,high,low,11,,,,28/09/2026 04:30
cccc80da-4ddc-4c39-92bc-ba047fac5c6b,hospitality.mx,resell,,,high,low,11,,,,28/09/2026 04:30
8970b677-e535-444e-89d4-3206e9b19ae9,hospitality.barcelona,available,38.98,38.98,high,low,11,namecheap,,,28/09/2026 04:30
d3ccf9ed-450f-4aca-939b-2e8bcaad672a,hotel.tours,resell,,,high,medium,5,"Sav.com, LLC - 24",11/09/2024 15:15,11/09/2027 15:15,29/09/2026 23:01
9007be10-4ac4-4ec6-9e5b-c19f09887760,hospitality.io,resell,,,high,low,11,,,,28/09/2026 04:30
2bc6ebb5-7ec2-4419-9d3b-ce85a95df1da,hospitality.auto,available,2060.25,2064.19,high,low,11,porkbun,,,28/09/2026 04:30
406c20a6-234c-44e5-bf1a-bfdaa5e124c5,hospitality.cab,available,25.2,25.2,high,low,11,cloudflare,,,28/09/2026 04:30
d48a5d6f-54e4-4615-8e58-3f9b4f5f4d81,hospitality.sydney,premium,385.49,385.49,high,low,11,dynadot,,,28/09/2026 04:30
dc8a9b76-2d6d-40bf-9aae-a778147658b4,hospitality.bayern,available,34.99,34.99,high,low,11,namesilo,,,28/09/2026 04:30
675ded7a-e409-486b-b921-c9c25458d192,hospitality.place,available,22.49,22.49,high,low,11,namesilo,,,28/09/2026 04:30
d1fc7d0e-f392-4718-9d0e-882adaf1845a,hospitality.rsvp,premium,61.27,61.27,high,low,11,spaceship,,,28/09/2026 04:30
4ff03e35-a390-44f6-9560-3cb838832428,hospitality.melbourne,premium,420.4,420.4,high,low,11,porkbun,,,28/09/2026 04:30
3410125e-9508-4071-b07c-93d44549ccd7,hospitality.vet,available,41.99,41.99,high,low,11,namesilo,,,28/09/2026 04:30
9d27d638-c4eb-49bf-b441-310b6e212c4b,hospitality.pw,premium,517.5,517.5,high,low,11,spaceship,,,28/09/2026 04:30
32035ccc-a2b0-442d-83fa-7727ecb8e67b,hospitality.flights,available,45.2,45.2,high,low,11,cloudflare,,,28/09/2026 04:30
5166332f-c08d-40fc-a36a-67d6c49770f1,hospitality.surf,available,2.19,32.49,high,low,11,namesilo,,,28/09/2026 04:30
a495feb0-383d-456a-80b5-9617d381362e,hospitality.vodka,available,32.49,32.49,high,low,11,namesilo,,,28/09/2026 04:30
f004e5ed-6e37-44a3-8793-ca40be20c31d,hospitality.berlin,available,54.85,54.85,high,low,11,dynadot,,,28/09/2026 04:30
1ffdb190-c660-4fe0-b41b-60f26610f2fd,hospitality.country,available,2298,2450,high,low,11,namecheap,,,28/09/2026 04:30
2c8fca16-44b2-4427-af6d-2b48156d9aa7,hotel.holiday,resell,,,high,medium,5,Edomains LLC,26/11/2019 23:50,26/11/2026 23:50,29/09/2026 23:01
b3ca483f-83cb-4777-84d8-40a51e9db3b9,hospitality.car,available,1863.2,2064.2,high,low,11,spaceship,,,28/09/2026 04:30
92d53d48-eded-475c-a744-17df460dab87,hospitality.party,premium,1107,116,high,low,11,namesilo,,,28/09/2026 04:30
0e36074a-d30e-4ff3-a971-a6ef60bbd942,hospitality.fashion,available,25.2,25.2,high,low,11,cloudflare,,,28/09/2026 04:30
d71ccd32-5fbb-4f9e-93ec-00dc4d1881cc,hospitality.life,resell,,,high,low,11,,,,28/09/2026 04:30
d6a38675-ece7-4eb3-b292-7ceb9fc14ff1,hospitality.online,premium,6900,6900,high,low,11,namesilo,,,28/09/2026 04:30
7a006525-d498-4f76-9a9b-57ab67052ec5,hospitality.villas,available,47.81,47.81,high,low,11,spaceship,,,28/09/2026 04:30
b381ff02-a390-4076-9fad-330bcb9fc95a,hospitality.team,resell,,,high,low,11,,,,28/09/2026 04:30
9d2c073f-e7e8-47bd-af86-1a52c91f34fe,hospitality.management,resell,,,high,low,11,,,,28/09/2026 04:30
b0a3d5f3-34b4-47f7-8682-29e8100b86a0,hospitality.marketing,resell,,,high,low,11,,,,28/09/2026 04:30
fadb017d-1923-4eab-b2c8-df6008def1d8,hospitality.dealer,premium,1604.45,2070.2,high,low,11,spaceship,,,28/09/2026 04:30
8d467baa-e0e4-4462-b4a8-ea43cfc610b6,hotel.flights,resell,,,high,medium,5,,,,29/09/2026 23:01
75ffae88-2c33-4926-ba3d-968d27c976a3,hospitality.salon,available,45.74,45.74,high,low,11,spaceship,,,28/09/2026 04:30
aab5a475-e90b-4592-9c0a-b3163e55279b,hospitality.parts,available,9.52,33.32,high,low,11,spaceship,,,28/09/2026 04:30
0026ba15-65d3-4552-b4fa-8ab0624f45ec,hospitality.movie,available,40.98,446.98,high,low,11,namecheap,,,28/09/2026 04:30
b0b44d99-164b-4f18-aff8-3d44f2e3a12d,hospitality.reisen,available,16.76,16.76,high,low,11,spaceship,,,28/09/2026 04:30
34d2c06c-a64a-4b8d-b9d4-1813f1f86ce9,hospitality.win,premium,448,53.92,high,low,11,namesilo,,,28/09/2026 04:30
afdfea14-b35e-4dca-aff7-65ce4c94db4e,hospitality.tours,available,5.66,49.95,high,low,11,porkbun,,,28/09/2026 04:30
fcf3e9d9-2ee9-4034-9faf-b0112c431fcb,hospitality.wtf,resell,,,high,low,11,,,,28/09/2026 04:30
597fbd19-5fe2-4c9c-b40b-83eaa810673d,hospitality.autos,available,1.99,17.29,high,low,11,namesilo,,,28/09/2026 04:30
c65417c7-0e51-40b5-a0ef-88dbb408aa4b,hospitality.football,available,20.2,20.2,high,low,11,cloudflare,,,28/09/2026 04:30
7b7df8cd-14ba-4134-9de0-e06689aca7fd,hospitality.coupons,available,5.99,54.99,high,low,11,namesilo,,,28/09/2026 04:30
b8896d99-1507-439f-ae3c-4b7ef8623bb4,hospitality.memorial,available,40.2,40.2,high,low,11,cloudflare,,,28/09/2026 04:30
8f92f6c0-8750-49e1-b457-da4093143194,hospitality.boo,premium,61.27,61.27,high,low,11,spaceship,,,28/09/2026 04:30
6528618d-cdbd-4d68-a35e-0ad778a72527,hospitality.club,resell,,,high,low,11,,,,28/09/2026 04:30
e14636db-c3a4-4d55-ae94-9853b9101cbd,hospitality.delivery,available,2.27,49.88,high,low,11,spaceship,,,28/09/2026 04:30
9da20faa-85a3-4b27-9189-d749a781b384,hospitality.voting,available,1398,1448,high,low,11,namecheap,,,28/09/2026 04:30
88b0101e-86f5-415d-9c8e-c20769c08231,hospitality.engineering,available,16,,high,low,11,unstoppable,,,28/09/2026 04:30
1ec780da-b88e-4573-b834-58064cb24d58,hospitality.bar,premium,819,1170,high,low,11,namecheap,,,28/09/2026 04:30
496674c9-9224-49f0-9446-ba616e173b75,hospitality.forex,available,80.2,80.2,high,low,11,cloudflare,,,28/09/2026 04:30
59417f5c-9504-4fb9-9c88-db08fc5e120a,hospitality.contractors,available,35.49,35.49,high,low,11,namesilo,,,28/09/2026 04:30
85618719-d0d7-45bb-b72d-72b1feaf099b,hospitality.motorcycles,available,1.24,13.97,high,low,11,spaceship,,,28/09/2026 04:30
60c54e74-e30f-4e60-8762-08475f7fbab5,hospitality.observer,premium,29.5,29.5,high,low,11,namesilo,,,28/09/2026 04:30
869c5d28-17b6-4baa-a458-d82bbc26db11,hospitality.webcam,available,10.53,10.53,high,low,11,spaceship,,,28/09/2026 04:30
aae0d734-01a4-487d-bb67-09d1858ea88f,hospitality.tube,premium,2600,26,high,low,11,namecheap,,,28/09/2026 04:30
21791983-ca3a-4bc2-9a44-6e576b2bedc6,hospitality.ngo,available,16.72,16.72,high,low,11,dynadot,,,28/09/2026 04:30
87185bc2-c9de-4fa3-b6a7-51ba30b0baae,hospitality.claims,available,11.98,82.98,high,low,11,namecheap,,,28/09/2026 04:30
7adb8932-8650-4d9d-8944-d43ebd8ef342,hospitality.jewelry,available,51.95,51.95,high,low,11,spaceship,,,28/09/2026 04:30
6560256d-01ac-40a7-8fb5-dd3ab34be483,hospitality.camp,available,49.88,49.88,high,low,11,spaceship,,,28/09/2026 04:30
907b49cb-249f-4f34-9439-3c56af52bf11,hospitality.fast,premium,53.92,53.92,high,low,11,namesilo,,,28/09/2026 04:30
ed4e5f4c-2641-422d-b81c-47af25bca562,hospitality.sarl,available,6.99,6.99,high,low,11,namesilo,,,28/09/2026 04:30
cee3be0d-465b-48af-b989-734b4bcd7bca,hospitality.gay,premium,53.92,53.92,high,low,11,namesilo,,,28/09/2026 04:30
48ca0a17-cf64-47e1-bea6-874d24eef72c,hospitality.vacations,resell,,,high,low,11,,,,28/09/2026 04:30
c2e51966-6e62-42bd-bd57-22214cda18a6,hospitality.university,resell,,,high,low,11,,,,28/09/2026 04:30
f3817566-df5c-4e45-b304-7c45577bd273,hospitality.gold,resell,,,high,low,11,,,,28/09/2026 04:30
9b09706c-98a4-42fb-a583-50cce41d4b8b,hospitality.lawyer,premium,1107,1107,high,low,11,namesilo,,,28/09/2026 04:30
98b86448-3125-4552-97f8-e4c0e04ae731,hospitality.rodeo,premium,,,high,low,11,,,,28/09/2026 04:30
257b23b1-f170-42d2-a2bf-5abfb17d8db8,hospitality.furniture,available,27.99,94.99,high,low,11,namesilo,,,28/09/2026 04:30
015558ce-6587-4e7b-9a9c-91737c292dc2,hospitality.miami,premium,4140.2,18.83,high,low,11,spaceship,,,28/09/2026 04:30
2af66004-4eed-42bd-803f-4d9e0eb7aebc,hospitality.help,resell,,,high,low,11,,,,28/09/2026 04:30
e082e722-71ab-4ac9-b7b2-6eaf761247bb,hospitality.loans,available,15.73,93.35,high,low,11,spaceship,,,28/09/2026 04:30
d1c5594d-70c5-4504-bf33-b345b62a6350,hospitality.vip,resell,,,high,low,11,,,,28/09/2026 04:30
5ecf5a8d-b286-4aed-a0b5-1e1fde6803f2,hospitality.pics,available,1.24,26.08,high,low,11,spaceship,,,28/09/2026 04:30
fa393ce3-f334-4181-879c-6ae542409dbc,hospitality.how,premium,,,high,low,11,,,,28/09/2026 04:30
36c68d15-870f-42de-8afd-4882c0d7684f,hospitality.shoes,available,64.99,64.99,high,low,11,namesilo,,,28/09/2026 04:30
3a0cc5e3-853d-4187-b57f-74bdc9012936,hospitality.de,resell,,,high,low,11,,,,28/09/2026 04:30
f528fb3c-72c3-4aea-ba50-0099045bea20,hospitality.irish,available,7,,high,low,11,unstoppable,,,28/09/2026 04:30
13773f2d-c583-42ee-8f3a-0ff261b5c9a8,hospitality.blackfriday,available,114.99,114.99,high,low,11,namesilo,,,28/09/2026 04:30
360155dd-ad65-4f69-afb3-dfdf8268feb0,hospitality.nexus,premium,,,high,low,11,,,,28/09/2026 04:30
12a1178e-67e3-45c4-9b3e-3ec17b427adb,hospitality.army,available,15.73,31.25,high,low,11,spaceship,,,28/09/2026 04:30
061a9fcb-6c9b-4282-bf88-dd3432da7f82,hospitality.business,premium,118.8,118.8,high,low,11,namesilo,,,28/09/2026 04:30
351a4671-ae40-475c-8607-dddab0f850fe,hospitality.cv,available,9.99,9.99,high,low,11,namesilo,,,28/09/2026 04:30
f21b6654-e0cc-4d1b-89f0-9591941c2db0,hospitality.farm,available,4.34,31.25,high,low,11,spaceship,,,28/09/2026 04:30
cbf338fd-b035-4dc0-80f9-e92fbcea91f2,hospitality.broker,available,11.98,47.98,high,low,11,namecheap,,,28/09/2026 04:30
9c138fe2-281b-4db9-9060-c8d3fbbb69a4,hospitality.recipes,available,8.5,,high,low,11,unstoppable,,,28/09/2026 04:30
df1c37ab-23b1-4f61-84b4-22b67e1f750c,hospitality.properties,premium,128.7,128.7,high,low,11,namecheap,,,28/09/2026 04:30
70c73373-0dba-4810-ba2e-18ab372e0205,hospitality.dating,available,50.2,50.2,high,low,11,cloudflare,,,28/09/2026 04:30
f996eb63-41f6-44a4-ac70-c08ccdd87cd8,hospitality.talk,premium,62.3,62.3,high,low,11,spaceship,,,28/09/2026 04:30
2bf41ce8-0e6d-4089-912c-21f249f2bc2b,hospitality.city,premium,23.6,23.6,high,low,11,namesilo,,,28/09/2026 04:30
db0775ff-62eb-4dcd-ad8d-cf46585f391f,hospitality.actor,available,16,,high,low,11,unstoppable,,,28/09/2026 04:30
57215b37-f802-4981-b262-23de01cdf257,hospitality.solutions,premium,102.67,102.67,high,low,11,spaceship,,,28/09/2026 04:30
9a898f1c-3282-4eae-a052-24b434309675,hospitality.voyage,available,46.78,46.78,high,low,11,spaceship,,,28/09/2026 04:30
13115bc2-840f-4885-bf3f-4ca3d17a0b01,hospitality.maison,available,57.99,57.99,high,low,11,namesilo,,,28/09/2026 04:30
89b6fb47-5f8d-48d4-a69c-6a802f5e3a37,hospitality.study,premium,55.11,55.11,high,low,11,porkbun,,,28/09/2026 04:30
8a827043-45d7-4d49-993a-2f50f21d78c0,hospitality.dentist,available,50.2,50.2,high,low,11,cloudflare,,,28/09/2026 04:30
0ee5c9a3-1cd6-42cb-8709-323982091608,hospitality.site,premium,1107,1107,high,low,11,namesilo,,,28/09/2026 04:30
0dfd89f6-5cf6-43a9-a161-85bc938c19a3,hospitality.airforce,available,80.2,80.2,high,low,11,cloudflare,,,28/09/2026 04:30
211063d0-22a1-43a4-87bb-834339b673ef,hospitality.tennis,available,67.98,81.98,high,low,11,namecheap,,,28/09/2026 04:30
35d40beb-9f0e-4375-997e-b9812c8d6963,hospitality.plumbing,available,76.98,89.98,high,low,11,namecheap,,,28/09/2026 04:30
44faeace-0fb8-4693-82c7-ff5c83b19436,hospitality.moe,available,14.98,17.88,high,low,11,namecheap,,,28/09/2026 04:30
723f4d04-87d5-4fd0-87e2-5875d4025b6c,hospitality.fish,available,36.43,36.43,high,low,11,spaceship,,,28/09/2026 04:30
563bcd77-1771-4aa3-94fa-ecc47b37e75b,hospitality.boats,available,1.24,13.97,high,low,11,spaceship,,,28/09/2026 04:30
867db279-6efc-4046-b0e6-54e5b8eab784,hospitality.credit,available,8.48,83,high,low,11,spaceship,,,28/09/2026 04:30
08b93fd7-a60d-4482-ad31-b9dcaab29b94,hospitality.llc,premium,,,high,low,11,,,,28/09/2026 04:30
ce40e86c-28e9-459a-85d2-422827e84791,hospitality.ryukyu,available,17.98,22.98,high,low,11,namecheap,,,28/09/2026 04:30
c8346051-174d-4903-b41e-098155fa35f5,hospitality.dance,available,16,,high,low,11,unstoppable,,,28/09/2026 04:30
1233f6b6-4d6a-4251-8794-915f08897bcb,hospitality.kitchen,available,7.96,51.95,high,low,11,spaceship,,,28/09/2026 04:30
1d96dd6b-703d-43a9-bc38-7498ecd594fa,hospitality.kim,available,12.99,23.49,high,low,11,namesilo,,,28/09/2026 04:30
c5ed296e-3ba2-4936-bc4f-d8c972cdced6,hospitality.cam,available,2.98,22.98,high,low,11,namecheap,,,28/09/2026 04:30
3359ea9c-f836-4d21-9792-7757b04520d4,hospitality.finance,resell,,,high,low,11,,,,28/09/2026 04:30
7844b777-e297-4944-bd0a-7ae61e2d5a27,hospitality.kiwi,available,21.47,21.47,high,low,11,dynadot,,,28/09/2026 04:30
9741f195-e9dc-45a2-b403-3f5e1c297834,hospitality.luxury,premium,520,520,high,low,11,namecheap,,,28/09/2026 04:30
8cb6e0d0-5f28-48ae-b545-a0a5df15c8a5,hospitality.exposed,available,17.8,17.8,high,low,11,spaceship,,,28/09/2026 04:30
b07f807a-4da2-4dfe-b4a5-6e98ce3f5d27,hospitality.bargains,available,17.99,26.49,high,low,11,namesilo,,,28/09/2026 04:30
6af7c1a8-11c1-4e5e-bed7-6e97b546d35f,hospitality.diamonds,available,43.67,43.67,high,low,11,spaceship,,,28/09/2026 04:30
969c8b14-947d-4e18-a2dc-5f90a8eca07b,hotel.paris,available,66.98,66.98,high,medium,5,namecheap,,,29/09/2026 23:01
9e833f9b-6eca-4ad4-adbf-961d8054818d,hospitality.so,available,,,high,high,11,,,,
02029d0f-aaef-40c1-ba4c-1609bcd8e3c7,hospitality.gives,available,6.41,22.39,high,low,11,spaceship,,,28/09/2026 04:30
ac04462e-e9de-4ea8-9ec8-43293470d468,hospitality.christmas,available,1.8,49.98,high,low,11,namecheap,,,28/09/2026 04:30
ed5917da-89bf-4251-aa93-422927c2942c,hospitality.camera,available,58.99,58.99,high,low,11,namesilo,,,28/09/2026 04:30
bab9f0c0-697f-4e0a-9434-64dfb516714e,hotel.maison,premium,118.8,118.8,high,medium,5,namesilo,,,29/09/2026 23:01
16b49d92-9958-470d-b63a-b44babbc5515,hospitality.cleaning,available,75.49,75.49,high,low,11,namesilo,,,28/09/2026 04:30
54dbdbd9-2c9a-45bb-90cc-29ca9ee23626,hospitality.college,premium,650,650,high,low,11,namecheap,,,28/09/2026 04:30
b6ced057-80d8-4d8b-9da7-d97f67491f91,hospitality.cat,available,18.83,25.04,high,low,11,spaceship,,,28/09/2026 04:30
f95e64ce-756e-444a-861d-c62c73fafd88,hospitality.theater,available,65.99,65.99,high,low,11,namesilo,,,28/09/2026 04:30
681c307e-a439-4cfc-9207-7e97b17a7c42,hospitality.qpon,available,2.19,11.49,high,low,11,namesilo,,,28/09/2026 04:30
408cd702-b7d5-4d4f-a41d-1d09b63b0af7,hospitality.top,resell,,,high,low,11,,,,28/09/2026 04:30
53882c63-9402-49a2-a47b-8981f2b2bc54,hospitality.charity,available,21.7,21.7,high,low,11,cloudflare,,,28/09/2026 04:30
5e554c9a-e289-4737-87d7-db84f5876ece,hospitality.flowers,available,100,100,high,low,11,cloudflare,,,28/09/2026 04:30
37df5dc9-b0ef-4042-a826-a1eb82fd55c8,hospitality.healthcare,premium,108.9,108.9,high,low,11,dynadot,,,28/09/2026 04:30
7ae75af1-7b6f-4139-b588-a943a204814a,hospitality.black,available,27.99,64.99,high,low,11,namesilo,,,28/09/2026 04:30
37ae5a17-1871-4761-a884-c8e3ebff654b,hospitality.horse,premium,96,29.5,high,low,11,namesilo,,,28/09/2026 04:30
722c77e8-b620-4d71-84a7-141b6f0968c5,hospitality.porn,available,51.95,98.53,high,low,11,spaceship,,,28/09/2026 04:30
a8264a95-aa87-475f-9790-293789f0465b,hotel.pub,premium,512,512,high,medium,5,namesilo,,,29/09/2026 23:01
56e8c16e-2d81-4e3a-a9c1-b9c885fae185,hospitality.stream,premium,448,53.92,high,low,11,namesilo,,,28/09/2026 04:30
214f9290-a674-450f-a894-76c4c123e207,hospitality.run,resell,,,high,low,11,,,,28/09/2026 04:30
4b917165-1195-49e6-bd5c-7b9ee31a103e,hospitality.yoga,available,26.97,26.97,high,low,11,dynadot,,,28/09/2026 04:30
906f0598-61b7-4dae-af46-a2842c43403c,hospitality.house,resell,,,high,low,11,,,,28/09/2026 04:30
e139a40d-1c84-4423-8f7d-e456700014dd,hospitality.fan,available,43.67,43.67,high,low,11,spaceship,,,28/09/2026 04:30
dd497883-899e-466c-b276-be7cd7624fc4,hospitality.lgbt,available,14.99,79.99,high,low,11,namesilo,,,28/09/2026 04:30
b1026442-d84d-43d4-8c60-d41851390c11,hospitality.guitars,available,107.22,107.22,high,low,11,dynadot,,,28/09/2026 04:30
f0301c1e-dc25-420b-9199-9c8d8ecc48bd,hospitality.town,available,6.41,29.18,high,low,11,spaceship,,,28/09/2026 04:30
2660ee5b-7a18-4762-a3b2-228acc89a8fa,hospitality.creditcard,available,129.2,129.2,high,low,11,spaceship,,,28/09/2026 04:30
7b86a85e-74f2-4e46-b5d2-6e60924e9769,hospitality.ltda,premium,66.3,66.3,high,low,11,namecheap,,,28/09/2026 04:30
23149643-5d88-4cae-8981-d24414a5d18a,hospitality.locker,premium,207.2,31.25,high,low,11,spaceship,,,28/09/2026 04:30
0eda890e-c6ff-43c6-8746-4b22593388a5,hospitality.democrat,available,5.38,26.08,high,low,11,spaceship,,,28/09/2026 04:30
f48e1300-af06-420f-a50e-2da56b52b53b,hospitality.press,premium,640,640,high,low,11,namesilo,,,28/09/2026 04:30
47be8381-a6c5-455d-b549-6dccaf6d23aa,hospitality.realty,available,109.99,299,high,low,11,namesilo,,,28/09/2026 04:30
bf3ea23b-2d78-414e-8b1f-04cffd8f833c,hospitality.toys,available,10.92,53.72,high,low,11,dynadot,,,28/09/2026 04:30
bfaab79d-c454-42be-b278-d8f0dd8cccae,hospitality.industries,premium,54.36,108.6,high,low,11,porkbun,,,28/09/2026 04:30
08248925-2aff-4e7e-8be8-4e06b4e1cefe,hospitality.schule,available,22.97,22.97,high,low,11,spaceship,,,28/09/2026 04:30
53b1b366-60f4-4828-a2d4-a303dfb8cb5c,hospitality.mov,premium,30.22,30.22,high,low,11,spaceship,,,28/09/2026 04:30
24796dd0-8db9-4b79-81e7-e44cc7028208,hospitality.click,premium,,,high,low,11,,,,28/09/2026 04:30
aff6c808-2da4-4fb0-be48-5bae73b8072e,hospitality.tires,available,8.24,72.61,high,low,11,porkbun,,,28/09/2026 04:30
701d7981-524e-4db1-a54e-e08b177a4fae,hospitality.ag,available,82.5,82.5,high,low,11,dynadot,,,28/09/2026 04:30
1f421a20-ffe5-4ea0-b043-d1457ddeac86,hospitality.gifts,available,28.2,28.2,high,low,11,cloudflare,,,28/09/2026 04:30
f3e8fc2b-c614-4788-9251-66dd43c86d21,hospitality.racing,premium,116,116,high,low,11,namesilo,,,28/09/2026 04:30
93d12edc-dc0d-48ba-b815-b8f365e25706,hospitality.tv,resell,,,high,low,11,,,,28/09/2026 04:30
79eca098-34c7-4ba4-9257-0e0b19407346,hospitality.republican,available,25.2,25.2,high,low,11,cloudflare,,,28/09/2026 04:30
8dee1f64-057a-4d28-a840-0f0e0930b755,hospitality.prof,premium,92.32,92.32,high,low,11,spaceship,,,28/09/2026 04:30
3e312edf-604b-4bb8-be2b-02e8dbc828a5,hospitality.beer,available,1.24,26.08,high,low,11,spaceship,,,28/09/2026 04:30
101eef60-1147-4acb-bc07-3fb0c464a2a0,hospitality.casino,available,7.71,133.97,high,low,11,dynadot,,,28/09/2026 04:30
8a9d9111-a560-45cb-9cd8-139cc8d09759,hospitality.srl,premium,50.6,28.04,high,low,11,dynadot,,,28/09/2026 04:30
ab189622-bcf5-4817-8b9a-5bf1a787627d,hospitality.cheap,available,8.99,36.49,high,low,11,namesilo,,,28/09/2026 04:30
f2731423-3dbe-4efe-b0d3-7845b647271e,hospitality.fitness,available,2.79,33.32,high,low,11,spaceship,,,28/09/2026 04:30
7483f8ad-17f1-4428-9d35-f057c1fe00cc,hospitality.fail,available,8.24,32.32,high,low,11,dynadot,,,28/09/2026 04:30
3d6f418e-d799-4021-a4d2-037751d60421,hospitality.engineer,available,31.25,31.25,high,low,11,spaceship,,,28/09/2026 04:30
598751aa-af28-407d-87e0-24baeaaf335d,hospitality.adult,available,51.95,98.53,high,low,11,spaceship,,,28/09/2026 04:30
116609d1-c6b8-41f6-b5cd-98a0cd71b0f0,hospitality.gripe,available,5.66,5.66,high,low,11,porkbun,,,28/09/2026 04:30
a7e07251-44ad-4903-bb5c-9b77d2ed2fb4,hospitality.gratis,available,18.83,18.83,high,low,11,spaceship,,,28/09/2026 04:30
bbd79a17-cdb0-4f2e-8a2b-8c1389ad4321,hospitality.services,resell,,,high,low,11,,,,28/09/2026 04:30
a0b945d7-1768-42b2-b3ee-9afa47c79427,hospitality.accountant,premium,640,77.35,high,low,11,namesilo,,,28/09/2026 04:30
cc726cfd-18a9-479f-aa91-35b7ab6dabb8,hotel.navy,available,32.2,32.2,high,medium,5,cloudflare,,,29/09/2026 23:01
d44b491b-4477-4f19-ad44-feee4400328d,hospitality.juegos,available,321.22,321.22,high,low,11,dynadot,,,28/09/2026 04:30
b515757b-00fc-446b-bd1c-9dae86aeaa1f,hospitality.moda,available,41.99,41.99,high,low,11,namesilo,,,28/09/2026 04:30
2aef0dfc-d118-4555-a031-07b411d78b89,hospitality.film,available,65.99,65.99,high,low,11,namesilo,,,28/09/2026 04:30
98b167cd-72aa-43ff-97de-aa711f4a24f4,hospitality.vin,available,8.99,59.99,high,low,11,namesilo,,,28/09/2026 04:30
2a3b0a41-e220-43cd-a89f-cd05d9cde1a2,hospitality.you,premium,51.95,51.95,high,low,11,spaceship,,,28/09/2026 04:30
03c63359-b5e8-43a1-9a33-0159bac1891c,hotel.condos,premium,512,512,high,medium,5,namesilo,,,29/09/2026 23:01
489e5d42-6002-413f-80e9-40e43406d9f7,hospitality.download,premium,448,53.92,high,low,11,namesilo,,,28/09/2026 04:30
30afeae2-7509-4e3d-a9af-3d59709d238d,hospitality.enterprises,available,11.49,35.99,high,low,11,namesilo,,,28/09/2026 04:30
73aa68ab-4f23-4267-bfce-57a1314648b1,hospitality.uk,resell,,,high,low,11,,,,28/09/2026 04:30
9f7af063-d029-430b-8d2b-8a11169510eb,hotel.icu,resell,,,high,medium,5,"Xiamen ChinaSource Internet Service Co., Ltd",25/12/2021 18:13,25/12/2026 23:59,29/09/2026 23:01
28f0d45c-4fda-4756-9e11-599dc2883945,hospitality.storage,available,538.98,858,high,low,11,namecheap,,,28/09/2026 04:30
bddd68f0-62f6-452e-a222-20618c685341,hospitality.forsale,premium,102.67,102.67,high,low,11,spaceship,,,28/09/2026 04:30
73f0b105-1fd6-4166-a2ee-4bd46a591514,hotel.desi,available,19.98,22.98,high,medium,5,namecheap,,,29/09/2026 23:01
c6652555-7a3a-42ce-87aa-d4dfd08f83d8,hospitality.men,premium,362.45,51.95,high,low,11,spaceship,,,28/09/2026 04:30
f19d2d83-8a08-4931-a931-d909d85fd0ad,hospitality.security,available,1999.99,2049.99,high,low,11,namesilo,,,28/09/2026 04:30
48074007-e638-4e77-8d52-fb7367a2f64a,hotel.coupons,premium,207.2,207.2,high,medium,5,spaceship,,,29/09/2026 23:01
b683a1b4-a7ab-4144-a1b1-0c49043d8d7b,hotel.food,premium,640,640,high,medium,5,namesilo,,,29/09/2026 23:01
90bd231f-807d-4947-a201-7d3f51c81112,hotel.vodka,available,32.49,32.49,high,medium,5,namesilo,,,29/09/2026 23:01
90f6842b-a715-43eb-bf3a-07073c18cf2d,hotel.host,premium,3881.45,7762.7,high,medium,5,spaceship,,,29/09/2026 23:01
9208aa90-68b4-4714-97a6-49a0c8e120cd,hospitality.hiphop,available,27,,high,low,11,unstoppable,,,28/09/2026 04:30
efff9712-7e10-469b-aea3-67e1386836e3,hospitality.shopping,available,23.18,23.18,high,low,11,spaceship,,,28/09/2026 04:30
d570dd85-cc47-45f5-8d70-55ca6ba3f771,hotel.reisen,premium,512,512,high,medium,5,namesilo,,,29/09/2026 23:01
c638da63-f718-48f6-a409-12616c4bacc7,hospitality.sex,available,51.95,98.53,high,low,11,spaceship,,,28/09/2026 04:30
263e13ff-878e-4d42-97f3-12f15b51e7b8,hospitality.food,premium,1107,1107,high,low,11,namesilo,,,28/09/2026 04:30
30a3784b-5d5a-4b6a-a638-21627b311612,hotel.store,premium,7812.5,31250,high,medium,5,name.com,,,29/09/2026 23:01
399a2d59-46ed-4dfe-abc0-05f51100c90f,hospitality.archi,available,13.14,83,high,low,11,spaceship,,,28/09/2026 04:30
94f3b1ba-e5f5-41b7-a31f-cad27c59e518,hospitality.sh,available,39.99,47.99,high,low,11,namesilo,,,28/09/2026 04:30
1a3d1c96-ec7b-44fc-ac9e-6c0372c01473,hospitality.london,premium,338.65,31.22,high,low,11,namesilo,,,28/09/2026 04:30
d547b41f-93f5-4f17-b473-1f400a2d3ec4,hospitality.spot,premium,100.5,,high,low,11,unstoppable,,,28/09/2026 04:30
4ab52e95-6eeb-4c6a-b168-e5677140cf6b,hospitality.contact,available,11.59,11.59,high,low,11,spaceship,,,28/09/2026 04:30
e89fd6d9-1849-48b1-8ec0-cd68135fa96b,hotel.supply,resell,,,high,medium,5,"Sav.com, LLC",06/09/2021 11:10,06/09/2027 11:10,29/09/2026 23:01
95291dab-1199-4667-8dbb-685b24382552,hospitality.show,available,18,,high,low,11,unstoppable,,,28/09/2026 04:30
e9f84165-cdc0-418c-a5ee-226915b002f7,hospitality.hair,available,1.99,17.29,high,low,11,namesilo,,,28/09/2026 04:30
20444895-c05f-41a7-bd24-7e388be0c92b,hospitality.express,available,12.49,39.99,high,low,11,namesilo,,,28/09/2026 04:30
f7c07e12-ff39-48ed-a3e4-652275211e4e,hospitality.esq,premium,89.2,,high,low,11,unstoppable,,,28/09/2026 04:30
1d320ae2-d1a7-4c84-96b3-5482eb12e62e,hotel.love,premium,1811.45,2587.7,high,medium,5,spaceship,,,29/09/2026 23:01
31f1d8d1-a43c-43b5-b236-ec43b0f139be,hospitality.ltd,premium,36.3,36.3,high,low,11,dynadot,,,28/09/2026 04:30
f69927e0-dbed-4a2d-8956-1421815a26f1,hotel.voyage,premium,78.54,78.54,high,medium,5,namesilo,,,29/09/2026 23:01
0277999a-e46c-441c-b008-f725eed514f6,hospitality.work,premium,6900,11.8,high,low,11,namesilo,,,28/09/2026 04:30
225ab6c5-979a-4e03-9ecd-0592869b5915,hotel.party,premium,5175.2,103.7,high,medium,5,spaceship,,,29/09/2026 23:01
55e10c22-cd6f-4df7-8d2f-318eef81be2c,hospitality.solar,available,51.95,51.95,high,low,11,spaceship,,,28/09/2026 04:30
93831eef-61f9-4d39-afa7-027dacf8f1a1,hotel.parts,premium,78.54,78.54,high,medium,5,namesilo,,,29/09/2026 23:01
83ff37a8-a633-46d1-a0f4-21a9dbaa6113,hotel.boston,resell,,,high,medium,5,Hosting Concepts B.V. d/b/a Registrar.eu,10/10/2017 17:39,10/10/2030 17:39,29/09/2026 23:01
839956fb-21dd-4229-a700-4460ce75390d,hospitality.lat,available,1.24,26.08,high,low,11,spaceship,,,28/09/2026 04:30
f0ea45b7-3082-45a4-9a6d-14acb0da5e89,hospitality.pub,available,32.29,32.29,high,low,11,spaceship,,,28/09/2026 04:30
30ea2765-790b-4605-8694-e9f07718c661,hospitality.tattoo,available,1.75,31.25,high,low,11,spaceship,,,28/09/2026 04:30
25daa3c4-365c-41ff-b9b6-96fc18da64ef,hospitality.green,premium,1552.7,1552.7,high,low,11,spaceship,,,28/09/2026 04:30
1882fdc4-875d-4527-ab91-628db257978f,hospitality.cooking,premium,47.2,29.5,high,low,11,namesilo,,,28/09/2026 04:30
ae9d1d64-b531-40f6-9d56-7fdd5a55815a,hospitality.financial,available,15.73,46.78,high,low,11,spaceship,,,28/09/2026 04:30
ff7fe949-0d13-4bbc-9069-872c5986c8f9,hotel.dealer,premium,4278,2660,high,medium,5,namesilo,,,29/09/2026 23:01
6780d03b-98e0-4580-9cd8-81a55fb8e301,hotel.website,premium,5175.2,10350.2,high,medium,5,spaceship,,,29/09/2026 23:01
44ba1539-519a-48db-93cb-45f0bc8aa0d6,hotel.blue,resell,,,high,medium,5,Automattic Inc.,16/07/2018 10:13,16/07/2030 10:13,29/09/2026 23:01
6135dc94-82e4-4dea-823f-bbb09c8e676c,hotel.audio,available,104.99,114.99,high,medium,5,namesilo,,,29/09/2026 23:01
835dd8a9-d91a-460e-ac60-24f430cdb97c,hospitality.catering,premium,68.51,68.51,high,low,11,spaceship,,,28/09/2026 04:30
78ca6f7a-a050-4a32-8d24-2a7daa6c6a5c,hospitality.sbs,premium,59.71,119.23,high,low,11,spaceship,,,28/09/2026 04:30
68fefd88-c89a-4dae-8424-bf3f1930bf93,hotel.tax,premium,1040,1040,high,medium,5,namecheap,,,29/09/2026 23:01
4eb9e09d-96f8-4a26-a63f-d72191cc5205,hotel.futbol,premium,242,242,high,medium,5,namesilo,,,29/09/2026 23:01
5bdd77f3-ecb6-4f21-8f0f-d531ecc63e8e,hospitality.dental,available,78.99,78.99,high,low,11,namesilo,,,28/09/2026 04:30
7d386fda-79c5-4898-8aa0-e8ccaf018401,hospitality.rehab,available,36.99,36.99,high,low,11,namesilo,,,28/09/2026 04:30
0667dc2c-f5f0-4c5d-ac91-a43a7846553f,hospitality.international,resell,,,high,low,11,,,,28/09/2026 04:30
cfa726d6-e35b-43c0-ac6f-cbecda2e417e,hospitality.wedding,premium,41.6,26.08,high,low,11,spaceship,,,28/09/2026 04:30
63498927-273e-474c-83cd-a3fd52d6ef7b,hotel.productions,premium,54.36,108.6,high,medium,5,porkbun,,,29/09/2026 23:01
7777ed26-8cc9-4b6b-ba70-fdf3808d6d12,hospitality.inc,premium,1705,2060.21,high,low,11,dynadot,,,28/09/2026 04:30
bec3e7e0-14ec-48f6-96b6-d597c571a329,hospitality.page,premium,70.21,70.21,high,low,11,namesilo,,,28/09/2026 04:30
c26c0ca8-69e2-40cf-832f-1158ccbc0007,hospitality.apartments,available,57.99,57.99,high,low,11,namesilo,,,28/09/2026 04:30
2ee99f07-377b-4018-b62a-91c301cce3a3,hospitality.shiksha,premium,517.7,517.7,high,low,11,spaceship,,,28/09/2026 04:30
7316a163-5431-4bea-9b30-6815ba248638,hospitality.florist,available,32.99,32.99,high,low,11,namesilo,,,28/09/2026 04:30
1ebcc4cb-9c7e-467c-92b5-25be7b37144b,hospitality.cars,available,1863.2,2064.2,high,low,11,spaceship,,,28/09/2026 04:30
4b1a4cfc-2942-4228-b103-cf75acba5a0d,hotel.faith,premium,3450,116,high,medium,5,namesilo,,,29/09/2026 23:01
78f38758-18c8-4ef6-b70b-f50895b7d8cb,hotel.green,premium,550,550,high,medium,5,dynadot,,,29/09/2026 23:01
e3bd96b3-5861-411a-840a-753760897623,hotel.vote,available,20.9,72.65,high,medium,5,spaceship,,,29/09/2026 23:01
5f6057a1-268d-4c0f-8a8e-279d5d036999,hotel.hosting,available,279.65,341.75,high,medium,5,spaceship,,,29/09/2026 23:01
4c8fd1bf-aaa8-4a26-9689-9f4a3da53512,hotel.pet,premium,2750,2750,high,medium,5,dynadot,,,29/09/2026 23:01
7414a737-7a13-49ff-802e-a96d3bb746fd,hotel.blog,premium,12937.7,51750.2,high,medium,5,spaceship,,,29/09/2026 23:01
05277bdb-485a-4afc-92a0-c1006a77abf5,hotel.news,premium,1107,1107,high,medium,5,namesilo,,,29/09/2026 23:01
b87dcf49-83f5-41b7-a34f-64f17f4f5e83,hospitality.fun,premium,137.5,550,high,low,11,dynadot,,,28/09/2026 04:30
70de03ff-0752-4ace-836a-fb28aacabe92,hotel.boats,premium,672.95,672.95,high,medium,5,spaceship,,,29/09/2026 23:01
05090f01-d3e3-48ed-b159-fbfda8d480c6,hotel.london,resell,,,high,medium,5,Hosting Concepts B.V. d/b/a Registrar.eu,22/08/2016 11:42,22/08/2030 23:59,29/09/2026 23:01
3f7ed012-9539-4628-bc42-a8e21dd5f8b0,hotel.space,premium,2587.7,10350.2,high,medium,5,spaceship,,,29/09/2026 23:01
22f1a7bb-e0f0-4ffc-8f3c-82d38eec93f2,hotel.tech,premium,13800,13800,high,medium,5,namesilo,,,29/09/2026 23:01
c6832749-f239-42c9-b1e0-0263a4102fa3,hotel.auction,premium,414.2,414.2,high,medium,5,spaceship,,,29/09/2026 23:01
b9c417ad-0539-4f2f-b6e7-505905b2fe5e,hotel.engineer,premium,512,512,high,medium,5,namesilo,,,29/09/2026 23:01
01fc122a-ef43-430d-a47f-f430894113c4,hotel.sexy,premium,10350.2,10350.2,high,medium,5,spaceship,,,29/09/2026 23:01
94a79e45-c502-4ab2-8ce9-c99b4af20905,hospitality.boston,premium,96,21.24,high,low,11,namesilo,,,28/09/2026 04:30
f4f48c2d-60a9-4341-af55-73cdf51afc8b,hospitality.limo,available,43.67,43.67,high,low,11,spaceship,,,28/09/2026 04:30
883d001d-91e1-4aad-9597-dd2d5080d59f,hotel.hospital,available,45.74,45.74,high,medium,5,spaceship,,,29/09/2026 23:01
7e9fbde5-ee58-4c85-8f71-c944be008307,hotel.now,resell,,,high,medium,5,,,,29/09/2026 23:01
ff3b49b6-89a8-4fe1-b17d-7ba8337ea33a,hospitality.ing,premium,350.2,,high,low,11,unstoppable,,,28/09/2026 04:30
b60f43f7-6560-471c-8c69-761925242819,hotel.exchange,premium,102.67,102.67,high,medium,5,spaceship,,,29/09/2026 23:01
777c4ca7-fa53-435e-bd8d-48f414742224,hospitality.navy,available,33.32,33.32,high,low,11,spaceship,,,28/09/2026 04:30
f9cff21c-0e81-4da5-8fac-82389343b5a1,hospitality.surgery,available,43.67,43.67,high,low,11,spaceship,,,28/09/2026 04:30
e1c21e3a-7b59-4d7d-af07-32e7cc4d2837,hospitality.promo,resell,,,high,low,11,,,,28/09/2026 04:30
5cb40693-ff63-496a-96b0-0fe0bc6b368a,hotel.studio,premium,517.7,1035.2,high,medium,5,spaceship,,,29/09/2026 23:01
56f3d68a-1f6f-45c4-9957-fbe82b9ba6b0,hospitality.capital,resell,,,high,low,11,,,,28/09/2026 04:30
71ab8328-3a4d-45fc-909f-91880125bd1d,hospitality.dad,premium,76.7,76.7,high,low,11,namecheap,,,28/09/2026 04:30
e872d0a1-3878-4ad4-ad53-d45d3ec542f3,hospitality.cyou,premium,59.71,119.23,high,low,11,spaceship,,,28/09/2026 04:30
f0a6c9cf-fc72-4021-a554-cc7ea39a9db6,hotel.country,available,2064.2,2064.2,high,medium,5,spaceship,,,29/09/2026 23:01
52455523-5137-4ec0-81e1-e7cd2f7874c6,hospitality.kids,premium,65,23.4,high,low,11,namecheap,,,28/09/2026 04:30
55ebff8a-c3a9-44cf-9e04-0922530f3a5f,hospitality.garden,available,1.24,26.08,high,low,11,spaceship,,,28/09/2026 04:30
0c85ba88-4e50-4d29-885f-909c00f2398c,hospitality.audio,available,93.35,103.4,high,low,11,spaceship,,,28/09/2026 04:30
5663315e-23f5-4760-83e2-bfbaa94c20df,inn.flights,available,23.98,75.98,high,low,3,namecheap,,,21/09/2026 02:28
72fa3c24-6a40-4e65-b94a-cca420740bd6,hospitality.social,resell,,,high,low,11,,,,28/09/2026 04:30
c1c94232-b7e6-488d-a2d6-1212f18265b3,hotel.tickets,available,359.99,488.88,high,medium,5,namesilo,,,29/09/2026 23:01
b61a4a3c-76f2-4a17-814b-06574f828af3,hotel.theatre,available,538.98,620,high,medium,5,namecheap,,,29/09/2026 23:01
cc7ed7e3-1440-4b9e-9a1f-e98876f56313,hospitality.uno,premium,3450,3450,high,low,11,namesilo,,,28/09/2026 04:30
315fbb94-1ce3-4d68-a7f1-90ffc29b8ed6,hotel.clinic,premium,54.36,108.6,high,medium,5,porkbun,,,29/09/2026 23:01
f8747275-2b03-4ab8-a4d4-93bb61f66943,hospitality.phd,premium,,,high,low,11,,,,28/09/2026 04:30
1a1417e1-5af2-4f27-b03e-506aa7e0def0,hospitality.wiki,available,2.06,26.26,high,low,11,porkbun,,,28/09/2026 04:30
16502774-71c4-4443-b608-9f398f4b95ab,hotel.community,premium,36.32,72.57,high,medium,5,porkbun,,,29/09/2026 23:01
2e344dec-9655-4e8a-872a-aa9a46ee6786,hospitality.pink,available,13.5,,high,low,11,unstoppable,,,28/09/2026 04:30
0322e623-96f8-4b73-969c-5202843c5964,hospitality.ski,available,21.11,52.01,high,low,11,porkbun,,,28/09/2026 04:30
018ce695-47c8-4f4a-9217-afd4b3e189c5,hotel.tires,resell,14.99,,high,medium,5,"Sav.com, LLC",04/04/2026 17:20,04/04/2027 17:20,29/09/2026 23:01
43e99ada-d12e-4771-9d85-4d1c7eb40dd0,hotel.fun,premium,1293.95,5175.2,high,medium,5,spaceship,,,29/09/2026 23:01
490fc7ac-8903-49e0-9b02-2b013ae6f59c,hotel.kiwi,premium,202.8,202.8,high,medium,5,namecheap,,,29/09/2026 23:01
12fb1948-38c6-4af8-8088-f9eef078ffb9,hospitality.me,resell,,,high,low,11,Dynadot Inc,17/07/2008 16:43,17/07/2027 16:43,28/09/2026 04:30
61c34ac8-982a-4320-ac02-cfa25ac0d0ed,hotel.soy,premium,548.9,548.9,high,medium,5,dynadot,,,29/09/2026 23:01
e1f9f766-125c-44a5-9180-5f235afff1c8,hotel.university,resell,,,high,medium,5,"eNom, LLC",28/07/2014 03:06,28/07/2027 03:06,29/09/2026 23:01
1a401e49-61df-4a15-ac90-3562e43b0b57,hospitality.domains,available,42.99,42.99,high,low,11,namesilo,,,28/09/2026 04:30
25c4d602-8dd6-409c-ad13-10a2e7ec0a4c,hospitality.link,resell,,,high,low,11,,,,28/09/2026 04:30
e2d19bf7-7c6f-4498-bc0e-656acd1dd777,hospitality.cash,available,9.85,32.32,high,low,11,dynadot,,,28/09/2026 04:30
c29ef649-a770-41fa-a368-127f413225ef,hospitality.condos,available,58.99,58.99,high,low,11,namesilo,,,28/09/2026 04:30
6226e195-052f-4486-b617-b7f99e741c0f,inn.holiday,premium,512,512,high,low,3,namesilo,,,21/09/2026 02:28
34ac1bf1-4ff0-45e6-b320-1b80082c6604,hotel.day,premium,999.2,1298.7,high,medium,5,unstoppable,,,29/09/2026 23:01
8a1ac722-05b4-41cc-bb0d-fadb081d4363,hotel.talk,premium,1035.2,1035.2,high,medium,5,spaceship,,,29/09/2026 23:01
c74ce886-f297-4383-99d5-7f34db0d583c,hotel.bar,premium,12420,12420,high,medium,5,namesilo,,,29/09/2026 23:01
a1cc31b1-d06e-4f69-bbfb-eee198ed1c57,hospitality.ooo,premium,95220,119.99,high,low,11,namesilo,,,28/09/2026 04:30
b4d30733-169d-4377-bbc6-e6408fa2e22f,hotel.realty,available,109.99,299,high,medium,5,namesilo,,,29/09/2026 23:01
3599ce28-7c30-422e-a3a1-db89031af157,hospitality.foo,premium,30.22,30.22,high,low,11,spaceship,,,28/09/2026 04:30
41f4e70a-83d6-4b0c-b6de-d8675eab1985,hotel.skin,premium,832,832,high,medium,5,namesilo,,,29/09/2026 23:01
2cb98a21-b8de-4452-ae1b-a95bbf95064e,hospitality.channel,premium,61.27,61.27,high,low,11,spaceship,,,28/09/2026 04:30
fb3c2312-90fe-489f-8187-7d8e853b5297,hospitality.cricket,premium,455,65,high,low,11,namecheap,,,28/09/2026 04:30
43893969-cfdc-4001-afc6-f68c2c6b2120,hospitality.gallery,available,22.2,22.2,high,low,11,cloudflare,,,28/09/2026 04:30
42ecbe9b-23a6-445c-b585-c0058ed5e64e,hotel.makeup,premium,672.95,672.95,high,medium,5,spaceship,,,29/09/2026 23:01
7dba1674-83f6-468b-a72f-feb0f5daca79,hospitality.kaufen,available,5.99,26.99,high,low,11,namesilo,,,28/09/2026 04:30
7d135170-7f20-473e-9a62-3af056681c7e,hotel.vana,available,2298,2498,high,medium,5,namecheap,,,29/09/2026 23:01
0e27b752-b9db-4e51-ac31-70413da01aca,hospitality.ceo,available,10.19,129.99,high,low,11,namesilo,,,28/09/2026 04:30
9df8ee3a-80db-4774-b0f4-f7962fe3db04,hotel.gallery,premium,68.51,68.51,high,medium,5,spaceship,,,29/09/2026 23:01
92d12cc6-b176-4372-b23a-fb39646cde4e,hotel.dad,premium,1298.7,1298.7,high,medium,5,namecheap,,,29/09/2026 23:01
b078cf92-e8a4-4354-acfa-cbdaa5a9342f,hospitality.lease,available,8.24,44.8,high,low,11,porkbun,,,28/09/2026 04:30
e95197a6-7780-48c6-bb00-39720be87630,hotel.games,premium,108.9,108.9,high,medium,5,dynadot,,,29/09/2026 23:01
a63a1020-b1c8-4772-9154-ea57716a7b51,hospitality.xxx,available,95.2,95.2,high,low,11,cloudflare,,,28/09/2026 04:30
c54e2d16-7184-4672-8de0-104e36f07916,hotel.lifestyle,premium,362.45,517.7,high,medium,5,spaceship,,,29/09/2026 23:01
fde55b7d-a34b-403d-acba-f08c7d723553,inn.viajes,available,37.99,37.99,high,low,3,namesilo,,,21/09/2026 02:28
c48f6664-bcb6-43a9-bad9-f2229a94ea1f,hospitality.trading,available,21.98,27.98,high,low,11,namecheap,,,28/09/2026 04:30
d07e9f99-eea4-47b1-947b-78aa36e57cb1,hospitality.global,premium,1242.2,51.95,high,low,11,spaceship,,,28/09/2026 04:30
652ce5d0-51ac-4ab8-8911-24544242e401,hospitality.protection,available,2064.2,2064.2,high,low,11,spaceship,,,28/09/2026 04:30
4d6c42f6-09c1-44c7-8242-7000429aa01a,hospitality.fishing,premium,,,high,low,11,,,,28/09/2026 04:30
33746791-4a98-47e8-9dff-7c6e8b863e4a,hospitality.game,available,309.47,340.37,high,low,11,porkbun,,,28/09/2026 04:30
0560404b-de8e-4c88-8b10-87a15b57b550,hospitality.voto,available,26.5,,high,low,11,unstoppable,,,28/09/2026 04:30
7a42977d-5585-4a4b-9562-25fd93e5d3ed,hotel.sydney,available,58,58,high,medium,5,namesilo,,,29/09/2026 23:01
63494991-1b7a-4ee4-9f68-b402c724bc52,hospitality.pizza,available,5.38,51.95,high,low,11,spaceship,,,28/09/2026 04:30
0bb19e30-e32f-4ab2-80f0-6799e5f90c3a,hospitality.gift,available,20.98,23.98,high,low,11,namecheap,,,28/09/2026 04:30
a2fb8162-8459-45ec-9d03-892833366a5f,hospitality.careers,premium,242,242,high,low,11,namesilo,,,28/09/2026 04:30
7c030eb3-65d0-4beb-ab07-2cbe1bc3bd09,hotel.autos,premium,832,832,high,medium,5,namesilo,,,29/09/2026 23:01
a3522177-7e59-45bb-be3a-c32371e39f52,hospitality.repair,available,5.38,29.18,high,low,11,spaceship,,,28/09/2026 04:30
a264dc01-5c6a-468b-9d73-385c1c26ae5f,hotel.diamonds,available,43.67,43.67,high,medium,5,spaceship,,,29/09/2026 23:01
d4ad8c6a-940c-4260-9aa8-b06851e6e79d,hospitality.giving,available,6.41,22.39,high,low,11,spaceship,,,28/09/2026 04:30
ef0b6b2b-6c2e-4c9b-ba71-2d875949bbca,hotel.nexus,premium,1034.17,1034.17,high,medium,5,spaceship,,,29/09/2026 23:01
11029e62-3c84-44be-ad43-65efdef16e9a,hospitality.live,resell,,,high,low,11,,,,28/09/2026 04:30
748e4e22-56e1-45e8-8199-eb76f6211e7a,hotel.courses,premium,640,640,high,medium,5,namesilo,,,29/09/2026 23:01
46affa0c-72ba-48eb-b35d-ba6944b89cdb,hotel.racing,premium,130,130,high,medium,5,namecheap,,,29/09/2026 23:01
39900296-e58f-4ffa-b4a3-754bdc53c264,hospitality.onl,resell,,,high,low,11,,,,28/09/2026 04:30
c2ff0d07-db85-43f5-855b-33efdbb049d6,hospitality.fit,resell,,,high,low,11,,,,28/09/2026 04:30
1252eedd-a9b3-48ed-912a-b2761ddbf183,hospitality.mobile,available,15.73,15.73,high,low,11,spaceship,,,28/09/2026 04:30
6a15c926-b24a-4295-ab3f-476b51f85112,hospitality.luxe,available,15.2,15.2,high,low,11,cloudflare,,,28/09/2026 04:30
e7ccea5b-2c75-4302-8a56-72c31e29b6ab,hotel.exposed,premium,520,520,high,medium,5,namecheap,,,29/09/2026 23:01
dbf781cf-ecc0-4d8b-b301-70e020e9ec03,hospitality.rip,available,18.83,18.83,high,low,11,spaceship,,,28/09/2026 04:30
d2e4b825-f4d6-465e-85a1-4f2be54a002a,hotel.technology,resell,,,high,medium,5,Dynadot Inc,26/04/2017 06:04,26/04/2028 06:04,29/09/2026 23:01
24e7299a-3b3d-4b5b-92c1-22a4d385a64d,hospitality.soy,premium,81.97,81.97,high,low,11,spaceship,,,28/09/2026 04:30
a14559df-cc96-48d9-86a3-ae93253419cd,hotel.kim,premium,4140,4140,high,medium,5,namesilo,,,29/09/2026 23:01
e1f585a5-4cee-458a-8fe4-3b9483a76c21,hospitality.lifestyle,premium,1107,1107,high,low,11,namesilo,,,28/09/2026 04:30
882f9ba7-cdf3-483b-878c-dae3e2c19964,hospitality.hosting,available,310.98,437.98,high,low,11,namecheap,,,28/09/2026 04:30
5c4d783d-7701-4412-87c9-207fa863ab92,hospitality.sexy,available,2587.7,2587.7,high,low,11,spaceship,,,28/09/2026 04:30
d8161079-d0d0-447f-88b1-94fe3f2ade69,hotel.srl,premium,50.6,28.04,high,medium,5,dynadot,,,29/09/2026 23:01
707ee2e9-0ad6-424f-a54e-0380d57aa181,hotel.trade,resell,,,high,medium,5,"Spaceship, Inc.",29/07/2019 12:30,29/07/2027 12:30,29/09/2026 23:01
92dcfd32-5a5b-4354-a209-4c3bd5af6ac6,hospitality.diet,available,100.2,100.2,high,low,11,cloudflare,,,28/09/2026 04:30
d46221f4-d4f6-4c31-8fbc-62852a8a8529,hotel.memorial,premium,68.51,68.51,high,medium,5,spaceship,,,29/09/2026 23:01
ef420afe-9db1-4c96-ae2c-d6526f2f6ad7,hotel.solar,resell,,,high,medium,5,,,,29/09/2026 23:01
d8d8fdc4-8245-45fc-9552-89b371b0c1df,hotel.link,resell,,,high,medium,5,,,,29/09/2026 23:01
c4329a0b-3d57-4cf5-ac90-5cb51eeeb14a,hospitality.loan,premium,385,55,high,low,11,dynadot,,,28/09/2026 04:30
7f30015c-cf8a-45e1-b2a9-552aa339ee51,hospitality.hiv,available,195.99,195.99,high,low,11,namesilo,,,28/09/2026 04:30
fa053594-680f-43df-9abb-48c22e70134a,hospitality.builders,available,35.99,35.99,high,low,11,namesilo,,,28/09/2026 04:30
87e9bede-b32b-4bed-8383-5f123ccb84fb,hospitality.living,premium,724.7,1035.2,high,low,11,spaceship,,,28/09/2026 04:30
9ed9e5bd-3fd4-4c48-9025-7182692047bc,hospitality.cafe,available,40.2,40.2,high,low,11,cloudflare,,,28/09/2026 04:30
eece7423-1669-467c-a737-e72d23387c26,hospitality.hot,premium,116,116,high,low,11,namesilo,,,28/09/2026 04:30
452e7545-2e25-4446-aeb3-aa51fe0963db,hotel.zone,resell,,,high,medium,5,"Sav.com, LLC - 25",29/09/2025 15:15,29/09/2027 15:15,29/09/2026 23:01
889ac9aa-3aa1-490f-a8c1-1b93024c68dc,hospitality.limited,available,36.99,36.99,high,low,11,namesilo,,,28/09/2026 04:30
17001a4c-b99b-4e3a-bea8-df2cc8418d7d,hospitality.organic,available,17.99,85.99,high,low,11,namesilo,,,28/09/2026 04:30
64b53726-f435-47db-91e9-2436c45f9d96,hotel.dental,available,81.98,100.98,high,medium,5,namecheap,,,29/09/2026 23:01
0fdd957a-4cd0-4ee1-9145-53e66ba25725,hospitality.host,premium,1107,1107,high,low,11,namesilo,,,28/09/2026 04:30
a3d74e28-9eba-4b2a-93f0-db66ef74fd66,hotel.garden,premium,83,26.08,high,medium,5,spaceship,,,29/09/2026 23:01
3d075f0b-3d4c-4270-93f1-b425e06ae9ea,hospitality.beauty,available,1.24,13.97,high,low,11,spaceship,,,28/09/2026 04:30
a2727c9c-0a38-42f9-b70e-babbee256d91,hotel.fail,premium,102.67,102.67,high,medium,5,spaceship,,,29/09/2026 23:01
92421dc8-5f00-4dab-a592-b2e2b5b023e8,hotel.voto,resell,,,high,medium,5,InterNetX GmbH,03/01/2018 11:48,03/01/2027 11:48,29/09/2026 23:01
902b9895-a7ce-47a9-baae-df44f3b94a84,hotel.capital,premium,242,242,high,medium,5,namesilo,,,29/09/2026 23:01
3347e5f8-66de-4401-938f-2868b693e227,hospitality.name,available,8.98,9.98,high,low,11,namecheap,,,28/09/2026 04:30
df567714-b22f-44f4-9ac7-24485d23f853,hospitality.equipment,premium,242,242,high,low,11,namesilo,,,28/09/2026 04:30
f9c7455c-8308-441f-b7e3-a4069a59bfd0,hospitality.futbol,available,7.49,17.99,high,low,11,namesilo,,,28/09/2026 04:30
64c1a6b0-94aa-42c6-8916-269ef847cdbf,hospitality.auction,available,36.99,36.99,high,low,11,namesilo,,,28/09/2026 04:30
b5c6cca4-5d7d-41ba-890f-b2c14dc0dfb9,hospitality.faith,available,12.98,16.98,high,low,11,namecheap,,,28/09/2026 04:30
f7f5f10a-d91c-4ff1-91f0-66c4f3e19c3c,hospitality.mortgage,available,48.2,48.2,high,low,11,cloudflare,,,28/09/2026 04:30
37f00ec7-0a23-4d20-941c-825b8c50761f,hospitality.build,premium,,,high,low,11,,,,28/09/2026 04:30
d7d0c847-d39e-4035-b5ad-403c32d1dd06,hotel.mobi,resell,,,high,medium,5,EuroDNS S.A.,11/05/2006 22:13,11/05/2027 22:13,29/09/2026 23:01
c4bfa643-e39d-4a7e-a457-32102ee92931,hotel.sale,premium,880,880,high,medium,5,dynadot,,,29/09/2026 23:01
e2149e7b-7dc5-4de0-b1bd-0c4b6cd20f51,hotel.builders,premium,102.67,102.67,high,medium,5,spaceship,,,29/09/2026 23:01
90ba1e36-c5d3-4277-ba57-6ee1ce438460,hotel.financial,premium,118.8,118.8,high,medium,5,namesilo,,,29/09/2026 23:01
4e58b675-12af-4dcb-a5f5-8cb50e6e929c,hotel.contact,resell,,,high,medium,5,Porkbun LLC,09/12/2020 16:00,09/12/2026 16:00,29/09/2026 23:01
32aa98a5-689e-4428-ba6a-1eb7d9ff3329,hotel.loans,available,90.2,90.2,high,medium,5,cloudflare,,,29/09/2026 23:01
f876263d-acd7-4380-94d4-c2d438a8757f,hospitality.tickets,available,326.21,388.33,high,low,11,spaceship,,,28/09/2026 04:30
27ea5d26-81a1-4775-bb95-4911b170acab,resort.holiday,premium,512,512,high,low,6,namesilo,,,29/09/2026 22:04
4ff02d77-512b-4012-85fa-c1a3c45d1cf4,hospitality.blog,premium,129.58,517.7,high,low,11,spaceship,,,28/09/2026 04:30
054c9896-63ea-497b-98ad-7a22ca40886c,hospitality.hockey,available,46.2,46.2,high,low,11,cloudflare,,,28/09/2026 04:30
62f709bd-1a0b-46e1-b557-4601199eb8f6,hospitality.discount,available,30.99,30.99,high,low,11,namesilo,,,28/09/2026 04:30
5d646c6f-eb03-4a3d-9c92-89fc23e73c03,hotel.hot,premium,517.7,517.7,high,medium,5,spaceship,,,29/09/2026 23:01
247995a4-6460-4742-bc43-48cfdf2338a0,hospitality.taxi,available,10.5,,high,low,11,unstoppable,,,28/09/2026 04:30
049009bd-8646-4d70-b80e-846c1ae137d3,hotel.promo,premium,2587.7,2587.7,high,medium,5,spaceship,,,29/09/2026 23:01
1d563456-d9db-4d8c-b2da-5198a7bb0250,hotel.supplies,premium,220,220,high,medium,5,dynadot,,,29/09/2026 23:01
66d93788-d4cb-4620-a639-62d293af3962,hotel.surf,premium,96,29.5,high,medium,5,namesilo,,,29/09/2026 23:01
f4981178-e18a-4a96-b844-0db19860b034,hotel.security,available,2140.22,2140.22,high,medium,5,dynadot,,,29/09/2026 23:01
38bc6499-b59e-4410-848e-a17038b9c98e,hospitality.vote,available,34.99,90.99,high,low,11,namesilo,,,28/09/2026 04:30
0071fae7-d815-41de-92d9-35e29a812183,hospitality.style,available,16.99,38.99,high,low,11,namesilo,,,28/09/2026 04:30
bfcef2a4-6a38-4d08-9205-ac0fc2f98663,inn.paris,available,65.99,65.99,high,low,3,name.com,,,21/09/2026 02:28
ff54785b-e576-4b46-bc3d-04af581c4e22,hospitality.blue,available,12.62,19.87,high,low,11,spaceship,,,28/09/2026 04:30
aa0cf905-f871-45d2-bb95-e7a47062d27d,hospitality.skin,available,1.99,14.45,high,low,11,dynadot,,,28/09/2026 04:30
54f0c7ac-675e-45f0-9963-660bd8fcb594,hotel.mortgage,premium,512,512,high,medium,5,namesilo,,,29/09/2026 23:01
83cf80ac-1205-445b-b114-30aee6df9bd7,hospitality.theatre,available,465.95,500.18,high,low,11,spaceship,,,28/09/2026 04:30
a20ef20a-2cb4-4ce1-a751-1326e493e8ea,resort.viajes,available,37.99,37.99,high,low,6,namesilo,,,29/09/2026 22:04
c7d03866-2637-4571-90cb-bea982f82c8b,hospitality.meme,premium,,,high,low,11,,,,28/09/2026 04:30
b628003b-4dd7-4317-8684-895d7ca896e1,hotel.dance,available,16,,high,medium,5,unstoppable,,,29/09/2026 23:01
44f860f7-a733-47d1-ae59-721141bbb714,hotel.win,premium,448,53.92,high,medium,5,namesilo,,,29/09/2026 23:01
bcfec40e-b5ee-4f10-bd0e-30a15b483400,hotel.mobile,premium,310.7,310.7,high,medium,5,spaceship,,,29/09/2026 23:01
8db81085-6898-4c3b-88f1-6b53f2d67b22,inn.restaurant,premium,123.75,123.75,high,low,3,name.com,,,21/09/2026 02:28
5e745e55-0102-4483-a874-03b1f878f388,hospitality.sucks,premium,2182.75,2182.75,high,low,11,porkbun,,,28/09/2026 04:30
37448f0c-77c5-4ce4-872d-c20279b5a32e,hospitality.zip,premium,30.22,30.22,high,low,11,spaceship,,,28/09/2026 04:30
25a96ae4-e4d8-4bcc-981c-026ab76300cf,hospitality.poker,available,10.99,67.99,high,low,11,namesilo,,,28/09/2026 04:30
c6cd13e4-ea07-48f1-8c87-22e3b3446f82,hospitality.hospital,available,45.74,45.74,high,low,11,spaceship,,,28/09/2026 04:30
801a61e5-4996-49f8-9fb9-84a0c42d4561,hotel.surgery,premium,207.2,207.2,high,medium,5,spaceship,,,29/09/2026 23:01
d35892bc-64cb-4c2d-b031-97b183a4c8af,hospitality.ong,available,16.72,16.72,high,low,11,dynadot,,,28/09/2026 04:30
03be820b-9094-475e-b777-8f8c0c939547,hotel.creditcard,premium,260,260,high,medium,5,namecheap,,,29/09/2026 23:01
7727e973-ce8b-4184-adb2-ba6a0c418714,hospitality.codes,available,55.2,55.2,high,low,11,cloudflare,,,28/09/2026 04:30
d13ec945-8a27-422c-8ee9-29f41ec70af1,hospitality.supply,premium,85.8,85.8,high,low,11,namecheap,,,28/09/2026 04:30
1b1f1371-dafa-4a61-9167-3768f1435829,hotel.cruises,premium,242,242,high,medium,5,namesilo,,,29/09/2026 23:01
cb4faebb-40ba-40c3-8f23-66cb08dc8773,hospitality.moi,available,25.99,25.99,high,low,11,namesilo,,,28/09/2026 04:30
9d805a25-3411-44e7-835f-81e5f14b4d61,hotel.attorney,premium,1035.2,1035.2,high,medium,5,spaceship,,,29/09/2026 23:01
9ef5ace4-c0d7-4ab9-8fa0-81f245c8205a,hospitality.makeup,available,1.99,14.45,high,low,11,dynadot,,,28/09/2026 04:30
df274e94-31cd-4833-b7a5-864ab35ea8a2,hospitality.bike,available,5.38,31.25,high,low,11,spaceship,,,28/09/2026 04:30
338cf744-9f7b-4ad2-92cd-d4003438c3e1,hotel.photos,resell,,,high,medium,5,Porkbun LLC,01/04/2026 17:33,01/04/2027 17:33,29/09/2026 23:01
4b8b4ea8-e9d9-4c3e-8b97-a33a7134ee3d,hospitality.soccer,available,20.9,20.9,high,low,11,spaceship,,,28/09/2026 04:30
274d9124-f923-475e-9548-bdd692e57b41,hospitality.mom,available,1.99,27.99,high,low,11,namesilo,,,28/09/2026 04:30
56c5625e-7dbd-440b-8cd0-c6a81da6c4e5,hospitality.biz,resell,,,high,low,11,,,,28/09/2026 04:30
0e6e31de-cf43-4495-b2b9-5d4c68974a31,hospitality.cfd,premium,63.3,126.07,high,low,11,porkbun,,,28/09/2026 04:30
4005410c-0f97-4dbe-9d36-8309431ef739,hotel.boo,premium,1034.17,1034.17,high,medium,5,spaceship,,,29/09/2026 23:01
9a32c28a-482e-4391-8d0f-0700ae853ca0,hotel.fishing,premium,96,29.5,high,medium,5,namesilo,,,29/09/2026 23:01
220f8801-790e-42ff-911f-27fbefd1edc1,hospitality.bet,premium,500.5,,high,low,11,unstoppable,,,28/09/2026 04:30
e52de7b1-57af-4c83-bda6-6c7ad7b8164b,inn.town,premium,78.54,78.54,high,low,3,namesilo,,,21/09/2026 02:28
abb91c19-103d-486e-bf85-7b436186830d,hotel.plumbing,available,72.99,72.99,high,medium,5,namesilo,,,29/09/2026 23:01
07433148-81c6-4c1c-9e6b-facc811c01cb,hospitality.diy,premium,724.7,1035.2,high,low,11,spaceship,,,28/09/2026 04:30
6f160d6d-8af9-4373-935f-8c051ec3232b,hotel.forum,premium,517.7,517.7,high,medium,5,spaceship,,,29/09/2026 23:01
36b8564b-ec61-4458-9b8f-cfbf788ab6d0,hospitality.new,available,412.2,412.2,high,low,11,spaceship,,,28/09/2026 04:30
dcccaa04-296c-471b-b1d2-bdb4c6ee7e85,hospitality.now,resell,,,high,low,11,,,,28/09/2026 04:30
e7cb0ea0-bd8e-4b0b-8f5a-d29b996f5931,hospitality.markets,premium,,,high,low,11,,,,28/09/2026 04:30
b1c0e87a-3a58-4761-9633-ea04a16311b2,hospitality.pictures,available,8.24,12.87,high,low,11,porkbun,,,28/09/2026 04:30
7903ecbb-17ad-4f57-8726-2fe8dcbe39eb,hotel.auto,available,2060.25,2064.19,high,medium,5,porkbun,,,29/09/2026 23:01
d64a060a-6cbc-4c97-a700-968a6a4a3ccd,hospitality.store,premium,3450,3450,high,low,11,namesilo,,,28/09/2026 04:30
c13f7e4c-03b4-422a-9e8e-f3e89651fe67,hospitality.baby,available,17.99,54.99,high,low,11,namesilo,,,28/09/2026 04:30
c4a05973-58c4-4d29-ada1-3a1ba557e238,hospitality.free,premium,116,116,high,low,11,namesilo,,,28/09/2026 04:30
49013307-f216-4787-8f55-f9bc0e703a2c,hospitality.band,available,20,,high,low,11,unstoppable,,,28/09/2026 04:30
d5e4e9d9-d5b5-485e-9a68-98e91ea2f6e6,hotel.lgbt,premium,3105.2,3105.2,high,medium,5,spaceship,,,29/09/2026 23:01
6ae083ca-578b-44a2-b7fa-3694676bab11,hotel.healthcare,available,70.58,70.58,high,medium,5,spaceship,,,29/09/2026 23:01
eb959142-b3a0-41a5-a60c-24093fcc97c0,hotel.rsvp,premium,1034.17,1034.17,high,medium,5,spaceship,,,29/09/2026 23:01
d8d3166f-6ebb-4ae7-8cac-f22995cabf80,hospitality.clothing,available,25.2,25.2,high,low,11,cloudflare,,,28/09/2026 04:30
357cf779-4650-4fde-b42d-8af6dbaf3688,hotel.gratis,premium,440,440,high,medium,5,dynadot,,,29/09/2026 23:01
fe4f2e9b-3aef-4623-80ad-49b67eb8a66a,hospitality.icu,premium,68.43,147.2,high,low,11,namesilo,,,28/09/2026 04:30
64e827ad-4e0d-4301-bf8e-3f4181f20bc7,hospitality.love,resell,,,high,low,11,,,,28/09/2026 04:30
d7f6f800-746f-4c88-a8b3-1393e187e623,hospitality.singles,available,3.31,27.11,high,low,11,spaceship,,,28/09/2026 04:30
b84f5f0e-c740-4b27-bba6-468b9ed36f85,hospitality.tienda,available,46.2,46.2,high,low,11,cloudflare,,,28/09/2026 04:30
e4579bea-7474-493d-a0ca-1129eacceb40,inn.vegas,available,12.99,43.99,high,low,3,namesilo,,,21/09/2026 02:28
898860af-c4c2-4bac-a24d-ea8b5698dae1,hospitality.works,resell,,,high,low,11,,,,28/09/2026 04:30
1b147d00-05a7-47b0-bfb4-48385db97f57,lodging.viajes,available,35.18,35.18,high,low,7,spaceship,,,30/09/2026 01:55
2482851e-ba86-40ad-85b4-a7ead5143149,hospitality.date,premium,384,53.92,high,low,11,namesilo,,,28/09/2026 04:30
1c39d342-9bc7-458f-afb8-2c8bbfb1af76,hospitality.vana,available,2070.2,2070.2,high,low,11,spaceship,,,28/09/2026 04:30
7f6e888f-b78f-4a97-b91f-20c7e725990b,hotel.so,resell,,,high,medium,5,InterNetX GmbH,28/04/2011 00:00,28/04/2026 00:00,
ca2ef80f-159b-4368-b52a-000ee218f9b0,hotel.motorcycles,premium,672.95,672.95,high,medium,5,spaceship,,,29/09/2026 23:01
cdff9844-bd9c-4158-849c-202dc48322b0,hotel.recipes,available,8.99,77.99,high,medium,5,namesilo,,,29/09/2026 23:01
2b389088-ab4a-4ae5-9120-5d8590e8a923,hospitality.fund,resell,,,high,low,11,,,,28/09/2026 04:30
e242ed50-5ad4-4866-8580-2d71727808ba,hotel.bargains,premium,414.2,414.2,high,medium,5,spaceship,,,29/09/2026 23:01
a395aac1-902a-4b4e-a474-fe3aba061dde,hospitality.bio,resell,,,high,low,11,,,,28/09/2026 04:30
6ce43e7f-5a85-474c-808a-ba3b3f25f28a,hotel.limited,premium,85.8,85.8,high,medium,5,namecheap,,,29/09/2026 23:01
5e081d73-c74b-45bf-bacf-981a61661ea3,hotel.yachts,premium,845,845,high,medium,5,namecheap,,,29/09/2026 23:01
fc60db7a-7bf8-4cbc-b512-464f52e9102d,hotel.vin,premium,520,520,high,medium,5,namecheap,,,29/09/2026 23:01
a89663b9-e808-44dd-a99d-eaaa84bee968,lodging.us,resell,,,high,low,7,,,,30/09/2026 01:55
f1827a96-4f20-4a62-b62c-07597a090d1a,hospitality.rich,available,94.99,1999,high,low,11,namesilo,,,28/09/2026 04:30
f24f8d64-974e-4878-95f1-42cc0ba7dea1,hotel.spot,premium,640,640,high,medium,5,namesilo,,,29/09/2026 23:01
5c386119-cc29-4241-ada0-16d25b0b69cc,hotel.club,resell,,,high,medium,5,"GoDaddy.com, LLC",19/07/2019 22:26,19/07/2027 22:26,29/09/2026 23:01
0a083d52-b4ec-428e-bd07-bcaa118e6c6b,hotel.melbourne,available,58,58,high,medium,5,namesilo,,,29/09/2026 23:01
2fc1a336-2f40-4eb4-ac65-9a8d2dbea0e3,hospitality.network,premium,200.5,,high,low,11,unstoppable,,,28/09/2026 04:30
49302bfd-969f-4901-a91f-c8c22352f1ab,hotel.florist,available,32.99,32.99,high,medium,5,namesilo,,,29/09/2026 23:01
1f4a9f22-6940-4309-be42-898f6625452d,hospitality.red,available,11,,high,low,11,unstoppable,,,28/09/2026 04:30
74fad286-da13-4bf1-b089-0dc3ddacaac5,inn.tours,available,5.98,81.98,high,low,3,namecheap,,,21/09/2026 02:28
446ef711-a531-43ad-8448-e80b1ee46bf2,hotel.meme,premium,1690,1690,high,medium,5,namecheap,,,29/09/2026 23:01
c9218ebc-7443-44d3-96bd-f49cfce4ff4f,hotel.ceo,premium,258.7,258.7,high,medium,5,namecheap,,,29/09/2026 23:01
c9bba91f-5fd1-40b9-ad40-e3eb59fc9572,hotel.horse,premium,242,29.5,high,medium,5,namesilo,,,29/09/2026 23:01
69ad75da-ba66-46ef-ab5b-e367e8fd436a,inn.ninja,available,15.99,30.99,high,low,3,namesilo,,,21/09/2026 02:28
20d6033e-847c-4494-a474-502921ebe1cd,travel.living,premium,2660,2660,high,medium,6,namesilo,,,24/09/2026 22:30
d3781852-4ebb-490e-b48a-79df7c52817e,hotel.luxe,resell,,,high,medium,5,"GoDaddy.com, LLC",23/01/2021 00:05,23/01/2027 00:05,29/09/2026 23:01
ffec24e3-0f18-4523-a965-cb59e55f586d,inn.realty,available,109.99,299,high,low,3,namesilo,,,21/09/2026 02:28
2bf67aea-ea2c-49b5-9bd7-750dda8efbfa,inn.la,resell,,,high,low,3,.LA Founders Premium Program,12/03/2016 04:14,12/03/2027 23:59,26/09/2026 06:52
034c8a1c-892d-48de-a437-9b75de09b192,hospitality.photo,available,29.99,29.99,high,low,11,namesilo,,,28/09/2026 04:30
0631b3ee-0090-48de-97c1-6ad448b0bfac,hotel.shopping,premium,512,512,high,medium,5,namesilo,,,29/09/2026 23:01
a66cc67a-f6fd-4b14-bd3d-a806c6f8620d,hotel.ing,premium,1300.2,1690,high,medium,5,unstoppable,,,29/09/2026 23:01
17f22709-31b6-4562-aa64-7e15af46f190,hospitality.family,premium,33.05,66.02,high,low,11,porkbun,,,28/09/2026 04:30
c00b503e-36d1-47fd-a944-dc2cafc1e2a5,inn.zone,available,12.99,38.99,high,low,3,namesilo,,,21/09/2026 02:28
84664dfd-9d4e-4092-949d-1d0f9185162e,hotel.science,premium,640,77.35,high,medium,5,namesilo,,,29/09/2026 23:01
007e2664-c71e-4077-b7fa-d95f491f0872,hospitality.golf,resell,,,high,low,11,,,,28/09/2026 04:30
6675727a-d927-4ad1-9cd2-9f4693ce3425,inn.pw,resell,,,high,low,3,West263 International Limited,27/08/2017 01:08,27/08/2027 23:59,26/09/2026 06:53
69a12d7e-9807-4176-bd84-1f653b9619ca,hospitality.deal,available,38.99,38.99,high,low,11,namesilo,,,28/09/2026 04:30
77d16b55-aab1-4662-a7cd-19acccc03872,travel.tours,resell,,,high,medium,6,"GoDaddy.com, LLC",03/07/2015 23:51,03/07/2027 23:51,26/09/2026 09:44
c403026a-fc77-4d5e-9107-cd395ff82e7e,hospitality.productions,available,5.89,32.29,high,low,11,spaceship,,,28/09/2026 04:30
a8e5d49d-7898-4907-ab0b-623d6c37ca88,hospitality.bingo,available,41.2,41.2,high,low,11,cloudflare,,,28/09/2026 04:30
8479583f-b2f3-48ed-9748-172524eaefda,inn.reisen,premium,23.6,23.6,high,low,3,namesilo,,,21/09/2026 02:28
d466508f-b7f9-4beb-96b1-c61187740548,hotel.xxx,resell,,,high,medium,5,,,,29/09/2026 23:01
80162a1b-84fc-4b7f-bc18-427c89f4ff6a,hotel.properties,premium,1040,1040,high,medium,5,namecheap,,,29/09/2026 23:01
19614e27-3ed5-4791-81b0-efaad9a1f602,inn.villas,premium,242,242,high,low,3,namesilo,,,21/09/2026 02:28
2c17d801-9a03-4641-a4f3-e7e54b1586a5,hospitality.review,premium,1107,116,high,low,11,namesilo,,,28/09/2026 04:30
5ef61a20-aa59-4e05-9c50-ada1620ade5a,hospitality.doctor,available,14.49,116.99,high,low,11,namesilo,,,28/09/2026 04:30
2a488ffe-f588-4cee-b1e1-1cc902b5329e,lodging.reisen,available,16.2,16.2,high,low,7,cloudflare,,,30/09/2026 01:55
a76ea959-d146-465e-b155-b74d3b1ac600,inn.car,available,1999.99,2199,high,low,3,namesilo,,,21/09/2026 02:28
45fbf4f0-ff89-40cf-b357-3e84c6a8bceb,hotel.catering,premium,242,242,high,medium,5,namesilo,,,29/09/2026 23:01
0a1ebe71-fa7f-4b75-9af3-db50f24f2cc5,hotel.guitars,available,104.99,114.99,high,medium,5,namesilo,,,29/09/2026 23:01
b1376689-3e27-4d74-ab06-ca8daf547837,inn.fun,premium,325,1300,high,low,3,namecheap,,,21/09/2026 02:28
5e2c9e40-57a4-43ad-8b0a-7e172dcf047a,hotel.energy,resell,,,high,medium,5,"Sav.com, LLC - 47",28/12/2025 15:15,28/12/2026 15:15,29/09/2026 23:01
adfac4c3-51b2-4cf9-8c41-ebb43d075c56,inn.immobilien,available,39.98,43.98,high,low,3,namecheap,,,21/09/2026 02:28
2b990e3a-3b2f-4156-aece-face57b838e7,hospitality.graphics,available,22.98,31.98,high,low,11,namecheap,,,28/09/2026 04:30
e46c0d8e-3a3d-4cdd-8676-03330b248382,hotel.online,premium,6468.95,25875.2,high,medium,5,spaceship,,,29/09/2026 23:01
1e38769d-538a-4381-97cc-443e86c200a6,inn.rentals,premium,118.8,118.8,high,low,3,namesilo,,,21/09/2026 02:28
7bd2beb0-ff71-40ff-bf3b-d6c711b01614,hotel.foo,premium,1034.17,1034.17,high,medium,5,spaceship,,,29/09/2026 23:01
ce47863a-7b46-4d05-bde6-b30138c093d5,inn.parts,premium,47.99,41.25,high,low,3,name.com,,,21/09/2026 02:28
68edb867-1714-494a-930e-ef3acb6b6c48,hotel.shiksha,available,10.55,41.6,high,medium,5,spaceship,,,29/09/2026 23:01
fc022a41-f66e-4b2b-9988-a67453df3ac6,hotel.help,premium,,,high,medium,5,,,,29/09/2026 23:01
75c16c68-a0c2-4c99-a4a4-07c3de7f32cc,travel.ca,resell,,,high,medium,6,CanSpace Solutions Inc.,25/09/2000 16:42,08/05/2027 04:00,26/09/2026 09:44
fd735d69-b90c-49e8-bd4e-17d19889a8db,hotel.rent,premium,650,650,high,medium,5,namecheap,,,29/09/2026 23:01
74e8edde-a48a-496f-825a-b86deb2cb184,hotel.game,premium,1729,1729,high,medium,5,namesilo,,,29/09/2026 23:01
d6b32954-c32e-4570-b337-ffcaa5e1c439,hotel.video,premium,103.7,207.2,high,medium,5,spaceship,,,29/09/2026 23:01
0847aef6-172f-4c55-83b8-bee7b6b16b88,hotel.foundation,premium,118.8,118.8,high,medium,5,namesilo,,,29/09/2026 23:01
5f04491b-6281-409a-810e-98a97a1dd633,hospitality.attorney,premium,1035.2,1035.2,high,low,11,spaceship,,,28/09/2026 04:30
0d888d22-6f30-453d-8891-c2c4f29b75ae,inn.supply,premium,118.8,118.8,high,low,3,namesilo,,,21/09/2026 02:28
8aa16074-e714-4ea1-a86b-01129a1452e5,hotel.gay,premium,2070.2,2070.2,high,medium,5,spaceship,,,29/09/2026 23:01
f5d038a4-cfd4-4dc9-b887-b7916e39aad6,hotel.dentist,premium,242,242,high,medium,5,namesilo,,,29/09/2026 23:01
12387c9f-9319-43b0-bf76-86df269e9fcb,inn.gay,premium,832,832,high,low,3,namesilo,,,21/09/2026 02:28
92adf401-13e0-4fa4-aa99-2013b4fb08c9,hotel.archi,premium,640,640,high,medium,5,namesilo,,,29/09/2026 23:01
f49f2572-2c97-4b43-839f-ae7aefe3edad,hotel.network,premium,400.5,520,high,medium,5,unstoppable,,,29/09/2026 23:01
15c44dd8-7ecf-49bb-be0b-e9a401de1c43,hotel.giving,available,6.41,22.39,high,medium,5,spaceship,,,29/09/2026 23:01
4ef7f665-b16d-48e6-885d-7e09687ec0f0,inn.online,premium,812.5,3250,high,low,3,namecheap,,,21/09/2026 02:28
a3b2c566-7aec-4a67-9f61-f534f8895c73,hotel.wtf,resell,,,high,medium,5,"Spaceship, Inc.",26/09/2023 03:33,26/09/2027 03:33,29/09/2026 23:01
ab53ec4e-2501-4587-97d4-ae236fe4b620,inn.fitness,premium,128.7,128.7,high,low,3,namecheap,,,21/09/2026 02:28
46a42956-f968-408a-9b92-ab9177bdeee8,hotel.codes,premium,68.51,68.51,high,medium,5,spaceship,,,29/09/2026 23:01
9b1f0f79-b989-4686-9f12-bc4f5d55eebd,hotel.construction,premium,118.8,118.8,high,medium,5,namesilo,,,29/09/2026 23:01
aad69379-02de-4100-9137-592ec50e3e2e,inn.ltd,premium,38.94,38.94,high,low,3,namesilo,,,21/09/2026 02:28
3b96b86f-9bae-4a78-890e-257fb0705a51,inn.free,premium,3450,3450,high,low,3,namesilo,,,21/09/2026 02:28
7bfad666-44f5-4345-b3fa-757b7abbfd60,inn.limo,available,54.99,54.99,high,low,3,namesilo,,,21/09/2026 02:28
1bb6b339-be91-4488-b867-efb00e5c6f42,inn.moda,available,41.99,41.99,high,low,3,namesilo,,,21/09/2026 02:28
299bbf3a-70a9-4473-a12d-0afebcea3780,room.space,premium,1293.95,5175.2,high,low,4,spaceship,,,01/10/2026 16:16
c1bcf123-28d5-425a-a38a-e34c2f744bc4,inn.construction,premium,118.8,118.8,high,low,3,namesilo,,,21/09/2026 02:28
ce82c218-437f-4884-a943-7f162304a39a,inn.website,premium,640,640,high,low,3,namesilo,,,21/09/2026 02:28
a33d70ef-16b8-4beb-b901-d178f6977ae3,inn.miami,premium,47.2,21.24,high,low,3,namesilo,,,21/09/2026 02:28
c39bb9ba-e37c-49ef-b5d3-a058a146c42a,inn.cricket,premium,640,77.35,high,low,3,namesilo,,,21/09/2026 02:28
4388bdcf-ac81-44aa-ac99-fc3c648a730e,inn.careers,available,34.99,71.99,high,low,3,namesilo,,,21/09/2026 02:28
3a41cf4a-cb7e-4588-828b-9e25f02ef0da,travel.space,premium,6900,6900,high,medium,6,namesilo,,,24/09/2026 22:30
5eec245c-c822-4193-a795-b612609c289e,guest.holiday,available,50.2,50.2,high,low,5,cloudflare,,,29/09/2026 17:42
52dbbec0-cddc-4cd8-9d39-1c6064c6ea27,hotel.moi,premium,3450,3450,high,medium,5,namesilo,,,29/09/2026 23:01
ef781e17-44f5-476b-b0d2-7dc87d6d161a,inn.ooo,premium,638.72,23.59,high,low,3,namesilo,,,21/09/2026 02:28
3adb398a-c8bc-47b6-bafd-b0c324c6d5c4,lodging.reise,available,77.83,77.83,high,low,7,spaceship,,,30/09/2026 01:55
17a8a1bf-909f-44ef-8a24-4431609bd6c0,inn.garden,premium,52,32.5,high,low,3,namecheap,,,21/09/2026 02:28
1178b368-76cf-4a4f-8416-d050cccc6ef9,guest.reisen,available,21.98,28.98,high,low,5,namecheap,,,29/09/2026 17:42
7847e555-3cf2-46c8-9968-0e85ff02771d,hotel.kaufen,premium,102.67,102.67,high,medium,5,spaceship,,,29/09/2026 23:01
3963116c-b52f-4ea7-8704-bad2be210374,inn.pizza,resell,,,high,low,3,"GoDaddy.com, LLC",03/04/2018 08:44,03/04/2027 08:44,26/09/2026 06:53
b981a370-f11f-4b63-92c4-3d14f5851462,inn.glass,available,76.98,99.98,high,low,3,namecheap,,,21/09/2026 02:28
3ef3ea1b-2428-412d-adbc-f76f3641d9d0,hotel.ngo,available,16.72,16.72,high,medium,5,dynadot,,,29/09/2026 23:01
3a599a4c-00a8-4206-9662-9cef8c03bfe0,hotel.rentals,premium,207.2,207.2,high,medium,5,spaceship,,,29/09/2026 23:01
cb8b2fa3-7306-4117-9a8f-99df5211ce5d,travel.berlin,resell,,,high,medium,6,,27/11/2015 20:12,27/11/2027 20:12,26/09/2026 09:44
a7583112-efaa-4a11-a3ca-c5dfbba03917,hotel.ltda,premium,56.64,33.04,high,medium,5,namesilo,,,29/09/2026 23:01
0f3daf9e-bdb7-4432-b993-53dcd1b91c96,hotel.town,premium,85.8,85.8,high,medium,5,namecheap,,,29/09/2026 23:01
7606ce4c-789f-4ccd-8301-74be3965b19e,inn.forum,premium,650,650,high,low,3,namecheap,,,21/09/2026 02:28
d7e007c1-fedb-4cbc-90d4-42a221274cc7,inn.exposed,premium,23.6,23.6,high,low,3,namesilo,,,21/09/2026 02:28
dcc6611c-78fd-4c5e-9f03-1e4b1345a2d9,hotel.protection,available,2140.22,2140.22,high,medium,5,dynadot,,,29/09/2026 23:01
c7e3888e-d9ad-46ae-af3d-37131e1f43dc,inn.page,premium,318.72,318.72,high,low,3,namesilo,,,21/09/2026 02:28
91380703-ab60-4e5b-8913-f996a93c5a55,inn.sydney,premium,89.06,89.06,high,low,3,name.com,,,21/09/2026 02:28
5385243b-66f1-4090-9a5f-66562868e95c,inn.doctor,available,14.49,116.99,high,low,3,namesilo,,,21/09/2026 02:28
9745b2dc-ffb4-4082-827f-5dfff86c42ff,inn.credit,available,11.99,141.99,high,low,3,name.com,,,21/09/2026 02:28
65f105f0-9b82-47ce-beec-1ae2c421b9cb,lodging.flights,available,58.99,58.99,high,low,7,namesilo,,,30/09/2026 01:55
7451ea76-8cdc-47fe-84c1-787a5ec268b6,resort.place,available,18.02,18.02,high,low,6,porkbun,,,29/09/2026 22:04
8ec8be9f-1dc4-4ba9-bfeb-0d4115cd1bb2,inn.lol,resell,,,high,low,3,Dynadot Inc,01/04/2026 19:46,01/04/2027 23:59,26/09/2026 06:52
d47c35c1-a871-49dc-b488-5afbb7ee9ba3,hotel.graphics,available,18.83,18.83,high,medium,5,spaceship,,,29/09/2026 23:01
8cddfa1d-4e2f-49e4-a94f-0e7538935e5c,lodging.nyc,premium,3250,32.5,high,low,7,namecheap,,,30/09/2026 01:55
1e9bc846-4404-4d32-aefd-baba10a327a9,hotel.engineering,premium,207.2,207.2,high,medium,5,spaceship,,,29/09/2026 23:01
580c6d26-db65-43d9-a21f-3e73ecd3bdf2,travel.limo,premium,128.7,128.7,high,medium,6,namecheap,,,24/09/2026 22:30
1a0eba04-f2b1-4cd9-ac73-ec2a10d83cb0,lodging.hamburg,available,69.98,73.98,high,low,7,namecheap,,,30/09/2026 01:55
c02345df-5548-4173-8d22-566642cc1086,inn.finance,available,20.99,64.99,high,low,3,namesilo,,,21/09/2026 02:28
ba20f6ee-86d7-4b43-a447-15ac161b6058,hotel.cool,resell,,,high,medium,5,UM DOMAINS PTE. LTD,14/02/2026 15:15,14/02/2027 15:15,29/09/2026 23:01
8c437ba4-6c3e-4457-a01c-e407c5d2fe23,room.us,resell,,,high,low,4,"GoDaddy.com, LLC",02/06/2004 17:59,01/06/2031 23:59,01/10/2026 16:16
4326e05f-021d-4897-aa88-e4ed2e6e1682,hotel.tienda,available,5.66,47.89,high,medium,5,porkbun,,,29/09/2026 23:01
697b32dd-a94b-4f6d-ba05-90ad8d21e176,hotel.watch,premium,520,520,high,medium,5,namecheap,,,29/09/2026 23:01
9e088c81-7d0b-4ba1-b381-8032a45651ba,travel.pw,premium,3450,3450,high,medium,6,namesilo,,,24/09/2026 22:30
ecde3790-2819-4119-9063-99fac8d5cc15,hotel.build,premium,517.7,517.7,high,medium,5,spaceship,,,29/09/2026 23:01
46cecc0e-04da-461e-afce-fedb07054d1d,inn.diy,premium,1107,1107,high,low,3,namesilo,,,21/09/2026 02:28
721556d4-96f9-4e75-8872-7044577ed1c7,hotel.pw,premium,2587.5,2587.5,high,medium,5,spaceship,,,29/09/2026 23:01
bb47f62a-6e9f-4493-8c97-24579e003caa,accommodation.realty,available,88.18,289.16,high,low,13,spaceship,,,29/09/2026 10:10
23dcf4d5-d1fb-4bcf-b665-88a17995f29e,lodging.tours,available,10.99,61.99,high,low,7,namesilo,,,30/09/2026 01:55
1cda9744-a89b-4e17-af0f-50f1d68ac8e9,resort.villas,premium,414.2,414.2,high,low,6,spaceship,,,29/09/2026 22:04
19bd7be0-6018-4682-91e0-bdba0c019932,lodging.melbourne,available,58,58,high,low,7,namesilo,,,30/09/2026 01:55
a851a25d-7920-4ab9-a742-8c364fb86246,travel.repair,premium,512,512,high,medium,6,namesilo,,,24/09/2026 22:30
2b7cc9d7-bd12-4d77-8eba-14c9d38f3a1d,inn.forsale,available,16.99,36.99,high,low,3,namesilo,,,21/09/2026 02:28
240faf21-45d0-4003-8695-ce5b892e4071,travel.band,premium,1107,1107,high,medium,6,namesilo,,,24/09/2026 22:30
756013e0-17c6-4371-bdd1-54dd473ea16a,hotel.study,premium,640,640,high,medium,5,namesilo,,,29/09/2026 23:01
24716a30-b2e1-41d5-81ee-8920edf70ae8,resort.lifestyle,premium,2183.84,2183.84,high,low,6,porkbun,,,29/09/2026 22:04
3a0ec982-9eae-46ed-bcda-50266c0440b3,inn.cc,resell,,,high,low,3,Dynadot Inc,25/06/2009 08:00,25/06/2027 08:00,26/09/2026 06:53
abb857f9-75d6-4a73-904e-9f3550ec68f0,lodging.place,available,17.8,17.8,high,low,7,spaceship,,,30/09/2026 01:55
2839e1a5-efa6-4a35-a3df-2575c7e3d704,inn.mba,available,17.99,39.99,high,low,3,namesilo,,,21/09/2026 02:28
1e3748a2-887b-48c7-8fd3-1018e69c77f3,inn.maison,premium,118.8,118.8,high,low,3,namesilo,,,21/09/2026 02:28
ecb18ea2-7a87-4757-ae78-41269c35b523,travel.yoga,resell,,,high,medium,6,"GoDaddy.com, LLC",26/08/2020 18:57,26/08/2027 18:57,26/09/2026 09:44
b3240f66-6871-473d-9fdf-9873b338e819,hotel.red,resell,,,high,medium,5,"Sav.com, LLC - 19",08/07/2024 15:15,08/07/2027 15:15,29/09/2026 23:01
b302d02a-3e4b-4a47-a2a4-78da55e9e766,resort.pub,available,39.99,39.99,high,low,6,namesilo,,,29/09/2026 22:04
fe688288-6976-4f9c-bdad-7bacbc7ea6a3,inn.id,premium,1451.03,20.06,high,low,3,namesilo,,,21/09/2026 02:28
e9c1bc71-1b41-490d-8414-55a6e5057699,inn.phd,premium,427.7,427.7,high,low,3,namecheap,,,21/09/2026 02:28
fc109a61-bee7-4130-a78f-8d4af70ab078,hotel.llc,premium,273.41,546.35,high,medium,5,porkbun,,,29/09/2026 23:01
54f40ca6-bdb4-408f-9f58-1c5edc5407c5,inn.build,premium,650,650,high,low,3,namecheap,,,21/09/2026 02:28
64d66c72-d520-49f8-a255-8bc5ee86a921,inn.agency,premium,242,242,high,low,3,namesilo,,,21/09/2026 02:28
98b52216-68e8-41eb-8a83-bda885ea543b,hotel.rocks,resell,,,high,medium,5,,,,29/09/2026 23:01
14f29c34-6d14-4202-b258-a37a255f6afa,inn.vodka,premium,47.2,29.5,high,low,3,namesilo,,,21/09/2026 02:28
a5da190c-0312-46ad-b04b-9dc189832ec6,inn.photography,premium,23.6,23.6,high,low,3,namesilo,,,21/09/2026 02:28
79945ad5-5fbf-4fea-a8ad-ef4ccdbe0414,inn.flowers,available,64.99,114.99,high,low,3,namesilo,,,21/09/2026 02:28
4965c12c-d865-4b86-aa21-c73c3b7ea77f,inn.cafe,premium,38.94,38.94,high,low,3,namesilo,,,21/09/2026 02:28
d28d622a-8e0b-4f28-be8c-3fcce323ad3d,travel.host,premium,6900,6900,high,medium,6,namesilo,,,24/09/2026 22:30
e253c353-8da7-40b5-a579-4c5470f15dcf,hotel.diet,available,104.99,114.99,high,medium,5,namesilo,,,29/09/2026 23:01
b27fdbe4-5e1b-4500-9ef1-e26a59074bb6,inn.cx,available,19.98,26.98,high,low,3,namecheap,,,21/09/2026 02:28
e97fdc39-05e5-4200-b585-30e41a609e13,travel.glass,premium,512,512,high,medium,6,namesilo,,,24/09/2026 22:30
52689d1c-e889-487e-b85e-6ceb0f28ee65,travel.quest,premium,10400,10400,high,medium,6,namecheap,,,24/09/2026 22:30
414531c7-df73-43ff-aeca-3a2dd9b1af2f,lodging.cv,premium,1042.76,7.76,high,low,7,spaceship,,,30/09/2026 01:55
3a90a765-5eb1-45b9-97d0-bb1ac3392fb9,travel.desi,available,19.98,22.98,high,medium,6,namecheap,,,24/09/2026 22:30
8aef267c-f62f-4d9e-b959-f519d43ad0de,lodging.apartments,available,45.74,45.74,high,low,7,spaceship,,,30/09/2026 01:55
e4e6fac7-4deb-493e-a9e0-a9b77106cf6f,inn.host,premium,325,650,high,low,3,namecheap,,,21/09/2026 02:28
07f06502-f06a-46d3-8134-4f258096abb6,hotel.equipment,premium,512,512,high,medium,5,namesilo,,,29/09/2026 23:01
5f0ea049-0cb9-4d0b-a551-be7ec7a20452,inn.report,premium,35.99,25,high,low,3,name.com,,,21/09/2026 02:28
dbdd4952-a9cf-498a-8884-a74974404460,inn.protection,available,1999.99,2049.99,high,low,3,namesilo,,,21/09/2026 02:28
86f4a8c9-6ef2-4b3b-bab9-b58ee86da759,inn.auction,available,4.99,52.99,high,low,3,name.com,,,21/09/2026 02:28
8ab189f2-9eab-47e5-82bc-2d78f63afc4d,inn.markets,available,5.98,26.98,high,low,3,namecheap,,,21/09/2026 02:28
bafcdc70-4e07-4b4b-93e7-33f74280b771,inn.cars,available,1999.99,2199,high,low,3,namesilo,,,21/09/2026 02:28
98d8b710-995e-48d3-96d8-f5eac4439f80,hotel.wiki,premium,1762.25,1762.25,high,medium,5,namesilo,,,29/09/2026 23:01
6cc1a669-7e5f-4c03-8a06-18cf2c51cc80,accommodation.viajes,available,37.99,37.99,high,low,13,namesilo,,,29/09/2026 10:10
5c346392-1afb-4454-b103-ecfaf98411ee,travel.dog,premium,520,520,high,medium,6,namecheap,,,24/09/2026 22:30
dd41f084-63a0-4f78-9be8-700951053f06,inn.pet,available,14.49,27.59,high,low,3,namesilo,,,21/09/2026 02:28
a5faf29f-d34d-4dfc-a959-807fdc148bd4,inn.kaufen,available,9.99,43.99,high,low,3,name.com,,,21/09/2026 02:28
08df6c5e-0e09-4618-8481-db31f23987c9,accommodation.limo,available,54.99,54.99,high,low,13,namesilo,,,29/09/2026 10:10
20a8ccee-2f45-4f39-848e-71d671425226,inn.photo,premium,130,130,high,low,3,namecheap,,,21/09/2026 02:28
88f1ddbc-4f83-4585-b767-7a0d6bca4238,hotel.dating,premium,68.51,68.51,high,medium,5,spaceship,,,29/09/2026 23:01
97769571-4d9b-4e93-bd7d-c647f35337f5,hotel.software,premium,3450,3450,high,medium,5,namesilo,,,29/09/2026 23:01
3fe81e39-4b78-42e7-bd43-1a300e31ca80,lodging.catering,available,31.41,31.41,high,low,7,porkbun,,,30/09/2026 01:55
caccdfd7-61a9-4687-8dc3-594cc3803a56,inn.recipes,available,8.99,77.99,high,low,3,namesilo,,,21/09/2026 02:28
b1155a45-4c1c-4226-9871-872d23bd43b0,hotel.domains,premium,207.2,207.2,high,medium,5,spaceship,,,29/09/2026 23:01
6348ecca-c6ca-4bcd-99b7-8615223d32b4,accommodation.us,resell,,,high,low,13,,,,29/09/2026 10:10
e1661d29-919a-4597-ad3b-b755d7ae070a,accommodation.berlin,available,54.82,54.82,high,low,13,dynadot,,,29/09/2026 10:10
2ee735a3-d1c3-4e9d-ba71-e3d8362b639b,inn.reise,available,27.89,97.99,high,low,3,namesilo,,,21/09/2026 02:28
fc44ba86-80ae-41f0-b3f4-debeabb1aabb,inn.cv,premium,2609.75,87.75,high,low,3,namecheap,,,21/09/2026 02:28
0883ee00-76d9-43f9-ac72-0f8b1079c673,travel.town,premium,512,512,high,medium,6,namesilo,,,24/09/2026 22:30
053a2c55-6c14-4f28-bab3-6c4a1182ceda,travel.fashion,premium,5520,29.5,high,medium,6,namesilo,,,24/09/2026 22:30
6ab99c72-5408-4d31-ba64-e431ce85adf3,hotel.jetzt,premium,102.67,102.67,high,medium,5,spaceship,,,29/09/2026 23:01
bba75a9f-22f1-4a87-a90f-1dcd078f31a8,resort.reisen,available,3.99,20.99,high,low,6,namesilo,,,29/09/2026 22:04
c3d609f1-1836-4398-988c-4f0c8c8c44ca,hotel.free,premium,640,640,high,medium,5,namesilo,,,29/09/2026 23:01
66219591-7156-45e5-ab71-a4bfeae08acc,travel.theater,premium,512,512,high,medium,6,namesilo,,,24/09/2026 22:30
040b57fd-f14e-4885-b622-d22560eab20d,hotel.storage,available,465.95,500.2,high,medium,5,spaceship,,,29/09/2026 23:01
061c342a-9b25-4733-b619-c5ea92c19cb5,hotel.beauty,premium,715,715,high,medium,5,dynadot,,,29/09/2026 23:01
76ef256c-7f2d-44a6-a536-b8fc998139e2,travel.finance,premium,1040,1040,high,medium,6,namecheap,,,24/09/2026 22:30
d97e4d6c-95b6-472a-b5f1-f475938feb41,accommodation.so,available,64.98,,high,high,13,namecheap,,,
96d2d1d3-1f79-4d0b-a310-716d4b23782a,accommodation.melbourne,available,58,58,high,low,13,namesilo,,,29/09/2026 10:10
f2c2b1c4-ac68-4293-af4f-d3e2084e691c,lodging.id,available,14.19,20.75,high,low,7,namesilo,,,30/09/2026 01:55
2373e39e-1242-4f3b-834d-a715fb813e63,inn.cheap,premium,123.75,123.75,high,low,3,name.com,,,21/09/2026 02:28
1da35877-b451-432e-80e9-8340c3f9a64a,inn.racing,premium,116,116,high,low,3,namesilo,,,21/09/2026 02:28
6c2e51dc-af27-4059-8cda-71948c55e82c,restaurant.berlin,resell,,,high,low,10,,27/11/2015 16:02,27/11/2027 16:02,29/09/2026 08:14
a4b1b2d3-3c6f-481d-a3a6-c24641e7345e,travel.dealer,premium,4278,2660,high,medium,6,namesilo,,,24/09/2026 22:30
fec7dad2-541b-4c68-89c2-400d133d3f61,room.asia,resell,,,high,low,4,"Spaceship, Inc.",18/12/2024 14:15,18/12/2026 14:15,01/10/2026 16:16
e6d6f81e-7846-4006-8b8d-f4b537cd4902,travel.build,premium,650,650,high,medium,6,namecheap,,,24/09/2026 22:30
33db3a5d-cbe0-425f-91d8-76eafed54bf5,resort.immo,available,28.15,28.15,high,low,6,spaceship,,,29/09/2026 22:04
4864a5ad-39bc-4d55-a5f6-84f18e18f4c0,travel.esq,premium,1688.7,1688.7,high,medium,6,namecheap,,,24/09/2026 22:30
3c976ca3-e5ad-476b-a017-392ea091510a,hotel.movie,available,270.2,270.2,high,medium,5,cloudflare,,,29/09/2026 23:01
0272c92f-d037-4e79-a582-e4d624543552,inn.win,premium,650,84.5,high,low,3,namecheap,,,21/09/2026 02:28
370c0838-8ce4-4c08-b8b0-e1d7f9ba3360,travel.food,premium,1820,2600,high,medium,6,namecheap,,,24/09/2026 22:30
17e8b4c7-a0b1-46e6-a5a0-14e37f268620,room.talk,premium,302.5,302.5,high,low,4,namesilo,,,01/10/2026 16:16
587c75d8-91fc-4751-9b0d-177d3e4ebe4c,hotel.click,resell,,,high,medium,5,,,,29/09/2026 23:01
2d48bedf-5b35-49ea-9b41-64d2326e1ba0,room.boston,premium,218.86,20.18,high,low,4,porkbun,,,01/10/2026 16:16
4519afe3-51c5-4287-a8e4-799528ebbe2e,tourism.viajes,available,35.2,35.2,high,low,7,cloudflare,,,29/09/2026 20:31
710f1539-0686-4e60-97d1-6424a895fa05,hotel.rehab,premium,1107,1107,high,medium,5,namesilo,,,29/09/2026 23:01
32f03441-2416-4f81-a3be-2522d294cf2e,resort.homes,resell,,,high,low,6,Dynadot Inc,02/09/2022 11:06,02/09/2027 23:59,29/09/2026 22:04
7712e8e9-7b4b-4ce0-9fdd-254ea74d3b4c,inn.creditcard,available,144.99,144.99,high,low,3,namesilo,,,21/09/2026 02:28
90a40f54-7a8c-401e-9c0e-36e8eddfe6a2,lodging.zone,available,8.24,32.21,high,low,7,dynadot,,,30/09/2026 01:55
fd1cafc6-bbe9-455f-bc52-2baaa52b84d7,resort.cool,resell,,,high,low,6,Squarespace Domains II LLC,01/04/2018 13:40,01/04/2027 13:40,29/09/2026 22:04
10351d81-cf54-4c5e-bb10-9b42fa7b1c8d,inn.foundation,available,14.99,23.99,high,low,3,namesilo,,,21/09/2026 02:28
fe510fca-16ae-4839-926d-afa785372291,hotel.flowers,available,64.99,114.99,high,medium,5,namesilo,,,29/09/2026 23:01
cedd3004-7c94-4b01-bfbb-e98075520e26,hotel.press,premium,1995,1995,high,medium,5,namesilo,,,29/09/2026 23:01
711c5ef0-f9d9-4c6c-ae75-b7b9b9552c48,inn.gratis,premium,23.6,23.6,high,low,3,namesilo,,,21/09/2026 02:28
4d2a3533-49c0-4b85-a1d3-0aa14cb8b56c,inn.fishing,premium,47.2,29.5,high,low,3,namesilo,,,21/09/2026 02:28
3436843f-f724-4f32-97fe-70a9eac1564d,inn.study,premium,640,640,high,low,3,namesilo,,,21/09/2026 02:28
805ead8f-5d12-4bf8-a31b-b5f3af80fb0d,tourism.living,available,1.34,31.25,high,low,7,spaceship,,,29/09/2026 20:31
67b5b7c8-e75f-4363-ab92-2d8e722f2b77,travel.computer,premium,85.8,85.8,high,medium,6,namecheap,,,24/09/2026 22:30
849bf61b-b63e-4cfa-8249-177454105c70,inn.cat,available,26.98,38.98,high,low,3,namecheap,,,21/09/2026 02:28
726aa13e-e1ac-43a8-a3b1-353689854818,hotel.services,resell,,,high,medium,5,"Name.com, Inc.",09/06/2023 15:45,09/06/2027 15:45,29/09/2026 23:01
197223da-cd47-4e66-b397-0be72b998d4c,lodging.immo,available,8.24,28.32,high,low,7,porkbun,,,30/09/2026 01:55
edeaa50d-a27b-4e16-a2d1-adb1311be186,resort.consulting,premium,103.7,207.2,high,low,6,spaceship,,,29/09/2026 22:04
e1da3ae6-cfc1-4a09-a6a1-e5c7ddd9243d,hotel.consulting,premium,414.2,828.2,high,medium,5,spaceship,,,29/09/2026 23:01
47c1a59c-bb14-4d89-aa71-93d52451c000,guest.pub,available,31.2,31.2,high,low,5,cloudflare,,,29/09/2026 17:42
bcb0561a-9985-4f95-ba5e-b3b2cbdec305,hotel.finance,resell,,,high,medium,5,,,,29/09/2026 23:01
7073bef4-60bf-4342-a2fd-3147655d5ea5,resort.coffee,available,16,,high,low,6,unstoppable,,,29/09/2026 22:04
0c07009b-e1c2-41fb-8355-fc74480f8c82,room.place,resell,,,high,low,4,Porkbun LLC,24/09/2014 16:00,24/09/2027 16:00,01/10/2026 16:16
13838203-235d-4379-b406-29fb9db2b146,hotel.accountant,premium,517.7,67.48,high,medium,5,spaceship,,,29/09/2026 23:01
3b821d07-b224-4a53-8cf2-f2940350ecff,resort.date,premium,384,53.92,high,low,6,namesilo,,,29/09/2026 22:04
e6eab56d-31f6-4761-91d0-d226f646273f,resort.fast,premium,640,640,high,low,6,namesilo,,,29/09/2026 22:04
5d9031d7-4986-4888-9722-a55053c856a6,inn.lawyer,available,65.98,66.98,high,low,3,namecheap,,,21/09/2026 02:28
00d5c7dc-2692-40c3-8db2-b711d88d1568,resort.ceo,available,9.19,103.7,high,low,6,spaceship,,,29/09/2026 22:04
4cecf5db-2fc4-43d9-8bf3-41600aff60c0,inn.insure,available,72.99,72.99,high,low,3,namesilo,,,21/09/2026 02:28
1bca7996-abef-4af2-8873-f255024462e3,guest.reise,available,77.83,77.83,high,low,5,spaceship,,,29/09/2026 17:42
e3f7da77-32bb-43cd-b2aa-6d1e22be8dbc,inn.enterprises,available,11.49,35.99,high,low,3,namesilo,,,21/09/2026 02:28
dc17b246-86bd-40dc-a182-39de5d81d76a,hotel.accountants,available,93.35,93.35,high,medium,5,spaceship,,,29/09/2026 23:01
96c8c653-1acf-4cc5-8984-150eb5f53bd7,resort.paris,available,66.98,66.98,high,low,6,namecheap,,,29/09/2026 22:04
671dba25-4997-4e73-9970-b408f33f9d5c,inn.computer,premium,78.54,78.54,high,low,3,namesilo,,,21/09/2026 02:28
5eda278d-8031-4155-9e9a-4d3961e7439a,hotel.fast,premium,1035.2,1035.2,high,medium,5,spaceship,,,29/09/2026 23:01
ec6ac359-3b49-489b-91ea-af33cdd75acf,inn.ski,premium,854,854,high,low,3,namesilo,,,21/09/2026 02:28
cea42cec-2abc-4c81-9071-38380b3f500a,accommodation.pro,resell,,,high,low,13,"TurnCommerce, Inc. DBA NameBright.com",23/04/2017 10:12,23/04/2028 10:12,29/09/2026 10:10
15414e9a-1958-4cbb-8d5c-63ef2c2bc81c,resort.social,premium,118.8,118.8,high,low,6,namesilo,,,29/09/2026 22:04
860fde29-45cb-4258-9f19-c09201b3a67b,resort.uno,premium,1035.2,1035.2,high,low,6,spaceship,,,29/09/2026 22:04
ff7376a7-e493-468f-8e1c-34d9effeb8cf,hotel.ventures,resell,,,high,medium,5,"Sav.com, LLC - 36",14/04/2026 15:15,14/04/2027 15:15,29/09/2026 23:01
0ea65e74-bebf-4b71-a6d8-479e432731ee,inn.golf,available,7.49,64.99,high,low,3,namesilo,,,21/09/2026 02:28
839737a7-5b1c-44a5-b678-2110a198ea49,inn.guru,premium,242,242,high,low,3,namesilo,,,21/09/2026 02:28
f77a517f-51f4-41d3-8f89-95f982f0fd66,guest.cruises,available,44.71,44.71,high,low,5,spaceship,,,29/09/2026 17:42
5c17d8c6-04c7-450f-a96c-373ec5668ddc,inn.mortgage,available,62.99,62.99,high,low,3,namesilo,,,21/09/2026 02:28
5f495e03-c735-4f3c-bcfc-327521aa078e,resort.airforce,available,80.2,80.2,high,low,6,cloudflare,,,29/09/2026 22:04
c88cdf07-c6a2-4d56-84ac-8f585f919091,accommodation.house,available,18.5,,high,low,13,unstoppable,,,29/09/2026 10:10
ebdec044-df91-4055-ae55-1afcef58d339,hotel.sucks,premium,20700,2658.67,high,medium,5,namesilo,,,29/09/2026 23:01
21e709e9-a41e-4f13-ac63-29e9208be92d,resort.rest,premium,1630.33,2328.95,high,low,6,spaceship,,,29/09/2026 22:04
c5858a77-984c-47bc-b9e8-c087b9b4e513,hotel.prof,premium,1418.59,1418.59,high,medium,5,porkbun,,,29/09/2026 23:01
1eeef3d3-86a6-40f4-91ef-4183f91a1a1f,resort.works,resell,7.99,,high,low,6,name.com,,,29/09/2026 22:04
40d3882a-2ac4-44dd-bd3a-0862fd4fd95e,inn.tickets,available,359.99,488.88,high,low,3,namesilo,,,21/09/2026 02:28
3d20bbcd-7419-4bd7-90e8-3d6afaa66d10,travel.camera,premium,242,242,high,medium,6,namesilo,,,24/09/2026 22:30
32dda39c-0384-4c5e-a14a-1139f0450cf0,room.industries,premium,102.67,102.67,high,low,4,spaceship,,,01/10/2026 16:16
e3c6ed2f-720f-41e7-a4f4-67e3643d25b4,hotel.yoga,resell,,,high,medium,5,"GoDaddy.com, LLC",26/08/2020 19:11,26/08/2027 19:11,29/09/2026 23:01
03393053-68bd-4851-a58c-6c2689e06c04,restaurant.tours,resell,,,high,low,10,"Sav.com, LLC - 26",04/03/2026 15:15,04/03/2027 15:15,29/09/2026 08:14
16273742-b8fe-43e8-abcf-3db684ba2f7b,travel.villas,premium,512,512,high,medium,6,namesilo,,,24/09/2026 22:30
ea1cc607-6613-4826-8e3c-b546d3aed98f,resort.cx,available,19.98,26.98,high,low,6,namecheap,,,29/09/2026 22:04
7f0f2fc0-39bf-4eee-b34d-8aadeb93c788,travel.world,resell,,,high,medium,6,"GoDaddy.com, LLC",09/01/2015 16:00,09/01/2027 16:00,26/09/2026 09:44
f20b3785-775d-4f3c-86b5-697246d1935d,inn.singles,available,9.49,33.99,high,low,3,namesilo,,,21/09/2026 02:28
9b758841-aa08-450f-a598-a7d6b11a46e5,resort.restaurant,available,20,,high,low,6,unstoppable,,,29/09/2026 22:04
5d7b8879-78e5-4f91-895c-2590091f225e,hotel.glass,premium,118.8,118.8,high,medium,5,namesilo,,,29/09/2026 23:01
06526ed8-73d6-4e2a-8a61-a2b15865ae0f,travel.fail,premium,260,260,high,medium,6,namecheap,,,24/09/2026 22:30
ae1a2b41-59ee-4d80-9254-a08918feec1c,inn.top,premium,266.5,266.5,high,low,3,namesilo,,,21/09/2026 02:28
f487f525-ab86-4118-9c33-e45754a7d116,accommodation.sh,available,31.05,46.58,high,low,13,spaceship,,,29/09/2026 10:10
ad4b3ee0-c339-49ae-bb7b-929584b58280,inn.store,premium,3450,3450,high,low,3,namesilo,,,21/09/2026 02:28
3849402e-011f-4830-a314-590d9c17e9e0,resort.engineer,available,9.85,32.21,high,low,6,dynadot,,,29/09/2026 22:04
d565aa08-6f07-47b3-b641-3b5178e13471,travel.diy,premium,2660,2660,high,medium,6,namesilo,,,24/09/2026 22:30
57c1d554-446f-43ff-9d16-ac948df282aa,concierge.us,resell,,,high,high,9,"GoDaddy.com, LLC",24/04/2002 14:06,23/04/2027 23:59,26/09/2026 05:10
a42e2b3a-952f-4c9a-8de6-1a8173108a88,travel.xyz,premium,13800,13800,high,medium,6,namesilo,,,24/09/2026 22:30
db4ccb8b-89a8-4c53-8a84-e27242b84455,hotel.quest,premium,832,832,high,medium,5,namesilo,,,29/09/2026 23:01
6113169e-6da7-4d1d-9ed4-740249a658e9,travel.jetzt,premium,118.8,118.8,high,medium,6,namesilo,,,24/09/2026 22:30
1be82253-0d41-4bc3-99b9-3d9ac285c821,resort.insure,available,56.2,56.2,high,low,6,cloudflare,,,29/09/2026 22:04
9003c457-e999-4ea5-89d5-e73df8858cea,inn.services,premium,512,512,high,low,3,namesilo,,,21/09/2026 02:28
7c6cf022-7b58-4aec-9576-64321e93d04b,travel.reise,premium,512,512,high,medium,6,namesilo,,,24/09/2026 22:30
1bc52377-dc05-4de8-a46f-697c108bbe54,accommodation.boo,premium,59.2,,high,low,13,unstoppable,,,29/09/2026 10:10
bc92f11c-9b17-4d17-9ed4-eebd676c2fca,lodging.immobilien,available,29.2,29.2,high,low,7,cloudflare,,,30/09/2026 01:55
2b47230e-9f6b-4905-9a19-4ae1ae0792d7,lodging.eu,resell,,,high,low,7,,,,30/09/2026 01:55
c9f2a1e9-8c17-483b-ae15-32e3c64dfc7c,resort.boats,available,1.99,17.29,high,low,6,namesilo,,,29/09/2026 22:04
805b5ae3-7466-431e-bf11-1355d0cd0324,travel.claims,premium,854,854,high,medium,6,namesilo,,,24/09/2026 22:30
bd9db81b-44f7-40f3-981f-8d93c8bce5a2,resort.vacations,premium,854,854,high,low,6,namesilo,,,29/09/2026 22:04
c44d97ba-7c91-43f4-b32a-12cbc6f2b208,hotel.car,available,1999.99,2199,high,medium,5,namesilo,,,29/09/2026 23:01
247ca567-93c7-4443-b5da-615401d87be9,travel.observer,premium,854,854,high,medium,6,namesilo,,,24/09/2026 22:30
6d102bc7-7b8d-4333-b9a1-c62d70439cf4,accommodation.wine,available,8.48,75.98,high,low,13,namecheap,,,29/09/2026 10:10
660dbbf6-78b7-46e1-ac8a-97b00588a72e,inn.software,available,20.99,41.99,high,low,3,namesilo,,,21/09/2026 02:28
9186d8c4-c03a-450a-b78f-1a90f3fd6460,hotel.fund,premium,68.51,68.51,high,medium,5,spaceship,,,29/09/2026 23:01
feec9df8-43ff-43e0-859d-e3ca94d81ea8,room.boo,premium,499.2,516.67,high,low,4,unstoppable,,,01/10/2026 16:16
29bcdc41-40f3-4f42-bba2-b9b296386a12,accommodation.bayern,available,34.99,34.99,high,low,13,namesilo,,,29/09/2026 10:10
0e55969d-c81e-46ad-a10d-1b99434c946e,lodging.villas,available,46.2,46.2,high,low,7,cloudflare,,,30/09/2026 01:55
a25d5fde-75e3-4932-89a3-7a759750f8fc,inn.charity,premium,41.25,41.25,high,low,3,name.com,,,21/09/2026 02:28
bf96a433-ebda-4ce9-ae97-08e3949992a9,room.cooking,available,26.97,26.97,high,low,4,dynadot,,,01/10/2026 16:16
f8741186-0edf-4bef-80a7-1df8e1c1d9bf,tourist.reisen,available,3.99,20.99,high,low,7,namesilo,,,29/09/2026 22:57
46b27bb6-3243-4394-9782-e3d93623cec4,resort.spot,premium,116,116,high,low,6,namesilo,,,29/09/2026 22:04
04b304ed-d036-48e5-8b6f-a78315a14903,accommodation.army,available,17.5,,high,low,13,unstoppable,,,29/09/2026 10:10
6be2375f-08e9-4cac-871d-3daaaffa3cfb,hotel.moe,resell,,,high,medium,5,,,,29/09/2026 23:01
cae5cb6e-d7c1-44ab-b37d-1f42a4661092,travel.gmbh,premium,242,242,high,medium,6,namesilo,,,24/09/2026 22:30
ff61eb7e-d0f8-49f4-981f-f0e3599c3d10,inn.builders,premium,123.75,123.75,high,low,3,name.com,,,21/09/2026 02:28
a0772f88-d51d-4062-8c8b-f31f070a854e,room.limo,available,57.98,68.98,high,low,4,namecheap,,,01/10/2026 16:16
e9775e38-8ef5-492a-937f-d07cd668ca58,travel.organic,available,17.99,85.99,high,medium,6,namesilo,,,24/09/2026 22:30
5be1b2c9-5bfe-4e94-a776-1ac28348da27,hotel.bet,premium,1000.5,1300,high,medium,5,unstoppable,,,29/09/2026 23:01
c5d8f27d-e42b-4c16-8d1a-e770194c697f,accommodation.hair,available,1.99,17.29,high,low,13,namesilo,,,29/09/2026 10:10
9e1fa966-e1d8-4521-9b7a-8a23e609a070,travel.memorial,premium,242,242,high,medium,6,namesilo,,,24/09/2026 22:30
c09dddad-e3ab-4a1e-aa8c-9e9ced21b7fd,accommodation.sydney,available,58,58,high,low,13,namesilo,,,29/09/2026 10:10
4edc26c4-027f-4357-ba43-80b6cd8970eb,inn.rest,premium,1968.75,2812.5,high,low,3,name.com,,,21/09/2026 02:28
b5c9a2ef-1d78-4ba7-b11a-d34ce008f483,accommodation.estate,available,15,,high,low,13,unstoppable,,,29/09/2026 10:10
b876e664-9c0b-4116-b154-ae6afef606e0,inn.voting,available,1398,1448,high,low,3,namecheap,,,21/09/2026 02:28
103b1463-f8b0-4b0e-8c3e-397d0a7fc4e2,room.so,resell,,,high,low,4,NameCheap,19/08/2020 20:07,19/08/2025 20:07,
bb550d60-3835-4eb2-aabe-06a87fb1d3cf,inn.house,resell,,,high,low,3,"Spaceship, Inc.",01/06/2026 15:13,01/06/2027 15:13,26/09/2026 06:52
8c034ef0-1ef3-4cbd-91df-ed6dea59b702,inn.london,premium,3469.49,34.7,high,low,3,namecheap,,,21/09/2026 02:28
c5ed567a-2f88-4d5e-98d9-cb525c3aeadf,tourism.casa,resell,,,high,low,7,,,,29/09/2026 20:31
3711d345-52ff-44de-b4dd-18111fa0bcdb,room.moda,available,41.99,41.99,high,low,4,namesilo,,,01/10/2026 16:16
d626bbd9-b6ba-46ea-8932-f6881611ddf9,inn.loan,premium,640,77.35,high,low,3,namesilo,,,21/09/2026 02:28
0ac0aa98-6fc6-40d3-9ea6-b6fdfd8827b5,inn.archi,available,19.99,103.99,high,low,3,namesilo,,,21/09/2026 02:28
f3738869-4987-49ab-a769-bcc6531809a8,resort.bio,resell,9.99,,high,low,6,name.com,,,29/09/2026 22:04
f3f89335-4514-4e64-9866-6cd6d590c784,accommodation.ngo,available,18.98,24.98,high,low,13,namecheap,,,29/09/2026 10:10
071a0202-cfb1-42a5-8453-a342e4c11e0b,resort.ltda,premium,52.8,30.18,high,low,6,dynadot,,,29/09/2026 22:04
4b0840b3-8869-44c2-9b51-3419a52a957b,inn.training,premium,118.8,118.8,high,low,3,namesilo,,,21/09/2026 02:28
47f4fdd6-48d9-445c-9584-448055653175,lodging.vin,available,8.99,59.99,high,low,7,namesilo,,,30/09/2026 01:55
f2888bcb-549a-436b-8322-3ba521985198,inn.world,resell,,,high,low,3,"Chengdu West Dimension Digital Technology Co., Ltd.",28/10/2019 11:45,28/10/2027 11:45,29/09/2026 06:23
8099750e-6755-4cac-b5d6-c8be284ad63b,resort.studio,premium,118.8,118.8,high,low,6,namesilo,,,29/09/2026 22:04
f33d26f2-dc06-4477-b4f0-312406465602,accommodation.rocks,available,11.99,21.99,high,low,13,namesilo,,,29/09/2026 10:10
3c4ef313-bda8-4d43-882c-a92acf205cb8,room.cv,premium,1042.76,69.86,high,low,4,spaceship,,,01/10/2026 16:16
4ac3156e-d260-4e40-9054-3dfd0f141e79,travel.makeup,premium,2660,2660,high,medium,6,namesilo,,,24/09/2026 22:30
07746290-e56d-4ed4-85d5-d3b7a3efabc7,inn.black,available,27.99,64.99,high,low,3,namesilo,,,21/09/2026 02:28
8ccab586-d1a9-4edd-996c-fe5faebf06c0,inn.help,premium,448,640,high,low,3,namesilo,,,21/09/2026 02:28
82fab0a6-8753-444a-bb5d-4d182631ab57,travel.mortgage,premium,242,242,high,medium,6,namesilo,,,24/09/2026 22:30
22ac4a3d-0452-49ba-9837-51606b8ae81d,lodging.homes,resell,,,high,low,7,,,,30/09/2026 01:55
be039071-9d6c-492b-a6b9-a1d80dd9257e,lodging.enterprises,available,8.48,28.15,high,low,7,spaceship,,,30/09/2026 01:55
a0ee8dad-a87d-4538-bd10-3e55c9c83f6f,lodging.cooking,available,32.49,32.49,high,low,7,namesilo,,,30/09/2026 01:55
05b3494b-1b84-40f5-bd84-bc88983034fd,travel.immobilien,available,37.99,37.99,high,medium,6,namesilo,,,24/09/2026 22:30
fbd83bca-2012-4259-b875-232c32aa77c6,room.ryukyu,available,17.98,22.98,high,low,4,namecheap,,,01/10/2026 16:16
414bb101-8b7c-4ec0-ad6d-2aa2e7bbe795,room.fit,premium,2660,29.5,high,low,4,namesilo,,,01/10/2026 16:16
124b53e2-8a19-4802-b65a-7794e087b857,inn.date,premium,390,195,high,low,3,namecheap,,,21/09/2026 02:28
d9d69f00-ef33-4cf9-b24a-f7c504f1ab48,tourism.skin,available,1.24,13.97,high,low,7,spaceship,,,29/09/2026 20:31
6aa7bc03-0f81-4a8f-b8c5-dcd4be1661c1,resort.shiksha,available,10.55,41.6,high,low,6,spaceship,,,29/09/2026 22:04
8990bad9-1511-4e7e-9cc2-ce389efed581,food.berlin,resell,,,high,medium,4,,27/11/2015 20:15,27/11/2027 20:15,01/10/2026 22:52
488d4341-3888-45d6-ac3f-fe4693dc2f81,food.maison,available,44.2,44.2,high,medium,4,cloudflare,,,01/10/2026 22:52
3687669c-dd6c-4003-87d5-0026e3759f90,resort.science,premium,550,71.5,high,low,6,dynadot,,,29/09/2026 22:04
8636c20d-e55b-4cac-980c-fe9d915cfd57,restaurant.reise,available,77.83,77.83,high,low,10,spaceship,,,29/09/2026 08:14
62211854-4524-4027-b5a8-4603690c75a7,inn.moi,available,25.99,25.99,high,low,3,namesilo,,,21/09/2026 02:28
da0f9cb1-a827-47f0-ba6f-29ff51ca4534,inn.airforce,available,103.99,103.99,high,low,3,namesilo,,,21/09/2026 02:28
4a01ee6a-faf5-4189-8941-aa1b9416e56c,hotel.ong,available,18.98,24.98,high,medium,5,namecheap,,,29/09/2026 23:01
854d549c-58b2-424b-9581-4e09e5f2d82b,accommodation.cricket,available,23.59,23.59,high,low,13,namesilo,,,29/09/2026 10:10
f86695ce-8fbb-4210-bc33-187a5c581c36,resort.nexus,premium,257.92,257.92,high,low,6,spaceship,,,29/09/2026 22:04
8adf775d-3d38-4d16-b75d-63d71020cb9f,resort.democrat,available,5.57,26.97,high,low,6,dynadot,,,29/09/2026 22:04
c229379d-fc1d-45b8-b003-6c95eed34d40,resort.desi,available,19.98,22.98,high,low,6,namecheap,,,29/09/2026 22:04
ccdb79d7-9d57-41b0-a75a-2f9afa499720,room.fail,premium,118.8,118.8,high,low,4,namesilo,,,01/10/2026 16:16
28f3aef4-c119-467c-b16d-005649c1c6f6,room.luxe,premium,87.86,16.9,high,low,4,porkbun,,,01/10/2026 16:16
f40ec884-bfdd-43e1-8674-0b8854137af5,resort.ngo,available,16.72,16.72,high,low,6,dynadot,,,29/09/2026 22:04
12db64da-6380-42c6-8c0b-d74c991ec6c1,resort.repair,available,12.99,36.99,high,low,6,namesilo,,,29/09/2026 22:04
44681d58-0251-4a05-8522-51d18c89c5ef,resort.archi,available,19.99,103.99,high,low,6,namesilo,,,29/09/2026 22:04
81407d5e-3ee8-4cc0-83d8-80b2c66854fa,accommodation.earth,available,18.99,18.99,high,low,13,namesilo,,,29/09/2026 10:10
23e34da1-ea0d-40be-b383-232cbf0fd31a,inn.institute,premium,26,26,high,low,3,namecheap,,,21/09/2026 02:28
67f145e4-9823-420f-9cbf-f12fd5ab8152,inn.srl,available,31.99,31.99,high,low,3,namesilo,,,21/09/2026 02:28
47636cba-b118-47ed-b766-4d18123f066f,accommodation.vegas,available,12.99,43.99,high,low,13,namesilo,,,29/09/2026 10:10
ae4db269-2bcd-40bb-87c4-a8b3b500ecfd,resort.page,premium,318.72,318.72,high,low,6,namesilo,,,29/09/2026 22:04
6dfb1feb-dad9-4b14-9f50-b3e96c1b6786,room.boutique,resell,,,high,low,4,"Sav.com, LLC - 28",17/08/2026 15:16,17/08/2027 15:16,01/10/2026 16:16
7465fcdd-6239-41a8-971d-9ea2db0a7585,inn.estate,available,6.98,52.98,high,low,3,namecheap,,,21/09/2026 02:28
9b02f103-a204-46b2-bb13-7d4d9fdc81e7,room.spot,premium,1107,1107,high,low,4,namesilo,,,01/10/2026 16:16
d618198a-aede-4cab-9c59-26f7071be3f4,management.tours,available,10.99,61.99,high,low,10,namesilo,,,19/09/2026 14:24
64e90dd5-69f8-4c21-8a58-2b894bc5cf0f,resort.actor,available,8.48,35.39,high,low,6,spaceship,,,29/09/2026 22:04
72442e7f-702b-4aee-9106-2dc3d68aa8e8,travel.farm,premium,512,512,high,medium,6,namesilo,,,24/09/2026 22:30
b368914a-8fa2-49b5-9a29-4c7fb05b0cd9,lodging.fm,available,87.85,87.85,high,low,7,porkbun,,,30/09/2026 01:55
4b06072c-fbb5-41df-995d-d43c66e506ac,resort.cat,available,18.47,24.55,high,low,6,dynadot,,,29/09/2026 22:04
c9b5617a-c37d-48f7-b61e-55b83b1b4cd6,accommodation.recipes,available,8.99,77.99,high,low,13,namesilo,,,29/09/2026 10:10
1d8ac2ae-1da9-4b49-8a95-4d82c122d532,accommodation.love,available,8.78,23.76,high,low,13,dynadot,,,29/09/2026 10:10
ec5b94d9-a75b-4d46-82df-c1bea3f4b626,resort.chat,resell,,,high,low,6,Xin Net Technology Corporation,10/07/2024 17:00,10/07/2027 17:00,29/09/2026 22:04
e728a735-2f15-4666-960e-52c02919f467,inn.market,premium,128.7,128.7,high,low,3,namecheap,,,21/09/2026 02:28
cdf2892d-66e5-4fac-b97a-74a97d39d6cf,food.villas,premium,242,242,high,medium,4,namesilo,,,01/10/2026 22:52
44983d8a-083f-431b-835b-581c502e9b22,resort.boo,premium,311.25,,high,low,6,name.com,,,29/09/2026 22:04
7236a8cf-09a5-474b-a8b2-eeb5fd716965,accommodation.university,available,49.88,49.88,high,low,13,spaceship,,,29/09/2026 10:10
587130e2-098b-483a-bdfe-24ab77f1ea7b,resort.gay,premium,2660,2660,high,low,6,namesilo,,,29/09/2026 22:04
8a52d99d-a18a-4797-91ed-b52c59c6761c,resort.motorcycles,available,1.24,13.97,high,low,6,spaceship,,,29/09/2026 22:04
5611aef2-7464-46f2-862d-3315cd1e8a61,hotel.lawyer,premium,1107,1107,high,medium,5,namesilo,,,29/09/2026 23:01
567ed9e8-f10f-425c-b654-698b4222d9c2,lodging.expert,available,10.99,62.49,high,low,7,namesilo,,,30/09/2026 01:55
1ad65cd1-2f3d-48c4-95b6-19220e0d6200,room.education,available,34.99,34.99,high,low,4,namesilo,,,01/10/2026 16:16
9b5bffd6-6223-4d99-80da-05ee30c5db11,accommodation.properties,available,14.17,31.25,high,low,13,spaceship,,,29/09/2026 10:10
21455c75-7680-46a6-8729-1282771b3622,accommodation.life,resell,,,high,low,13,,,,29/09/2026 10:10
98113fc1-e089-4c8b-af58-7c279a76f712,room.study,premium,103.7,103.7,high,low,4,spaceship,,,01/10/2026 16:16
3e56402d-bd91-4c59-971b-a0f1aa12e15b,travel.rent,premium,650,650,high,medium,6,namecheap,,,24/09/2026 22:30
ce7c06fb-dac4-410f-8416-a061f87f72a2,inn.contact,available,14.99,14.99,high,low,3,namesilo,,,21/09/2026 02:28
797a1984-a648-4e5c-a11c-3b6f6c436945,inn.kim,available,12.99,23.49,high,low,3,namesilo,,,21/09/2026 02:28
748d31f1-ce4e-4899-99a2-c314a149ab0a,resort.accountants,available,93.35,93.35,high,low,6,spaceship,,,29/09/2026 22:04
bc381384-71b3-43b8-bd1b-142683311690,guest.events,resell,,,high,low,5,"Sav.com, LLC - 34",06/07/2026 15:15,06/07/2027 15:15,29/09/2026 17:42
2508d12f-18bb-4f0c-91a5-76636e36c662,room.gmbh,available,45.99,45.99,high,low,4,namesilo,,,01/10/2026 16:16
d93b90de-5507-461f-b2c1-2ba5b0067530,motel.viajes,available,37.99,37.99,high,low,5,namesilo,,,25/09/2026 09:27
da0a4353-0399-4898-b9e7-ef9d2220a2f7,accommodation.gratis,available,23.99,23.99,high,low,13,namesilo,,,29/09/2026 10:10
2a0a1897-65a2-45ee-8d5a-6b2c1d607400,resort.barcelona,available,25.04,25.04,high,low,6,spaceship,,,29/09/2026 22:04
a5da1dee-e018-4afb-8884-69168bd4b49d,guest.berlin,available,54.82,54.82,high,low,5,dynadot,,,29/09/2026 17:42
c7d224bb-3b5e-4853-9f35-1313e23f32c6,room.foundation,premium,102.67,102.67,high,low,4,spaceship,,,01/10/2026 16:16
1c9174ad-a8d1-4ad3-bc3c-028d667547f1,guesthouse.space,premium,640,640,high,high,10,namesilo,,,27/09/2026 06:12
073d2dcb-35ee-41ea-bd2b-421e75fb3c10,hotel.lease,premium,512,512,high,medium,5,namesilo,,,29/09/2026 23:01
230c9479-0c49-4b9f-8c7b-af342f6d7dfb,lodging.kitchen,available,50.2,50.2,high,low,7,cloudflare,,,30/09/2026 01:55
9eff32bf-56f1-4cfb-a27a-504731de209f,room.ong,available,15.96,15.96,high,low,4,porkbun,,,01/10/2026 16:16
c934e18d-aa0e-4a04-8602-662128d0afb0,guest.homes,resell,,,high,low,5,Dynadot Inc,04/07/2021 10:20,04/07/2027 23:59,29/09/2026 17:42
bf8e8e24-40e7-4d5a-b739-d3390cd7b30a,room.expert,premium,828.2,828.2,high,low,4,spaceship,,,01/10/2026 16:16
bbe4256d-183c-4b98-b953-553e653bc844,resort.kiwi,premium,202.8,202.8,high,low,6,namecheap,,,29/09/2026 22:04
05a8156b-38be-4966-b487-bf0bfd1a6e44,resort.furniture,available,80.2,80.2,high,low,6,cloudflare,,,29/09/2026 22:04
c31a128a-142a-451d-93f4-4871b6b8a872,accommodation.moe,available,13.99,13.99,high,low,13,namesilo,,,29/09/2026 10:10
775409b7-b912-4854-accd-d94c73f2a2c5,room.love,premium,640,640,high,low,4,namesilo,,,01/10/2026 16:16
5cab993d-b247-4990-9e1e-f79c26e1a738,accommodation.my,premium,1455.98,1455.98,high,low,13,namesilo,,,29/09/2026 10:10
d0fd5c16-8b4c-4f33-be28-67888db63a10,accommodation.cash,available,4.34,31.25,high,low,13,spaceship,,,29/09/2026 10:10
f615fd27-6930-4c21-852f-c3e2608a2298,inn.plus,resell,,,high,low,3,"DNSPod, Inc.",28/09/2018 00:25,28/09/2027 00:25,26/09/2026 06:53
c736f474-d030-43f9-ade2-537206e943df,accommodation.red,available,8.24,19.48,high,low,13,dynadot,,,29/09/2026 10:10
302fdf48-3e9e-4895-bf8f-6c1b06b566f2,room.digital,resell,,,high,low,4,"Global Domains International, Inc. DBA DomainCostClub.com",27/05/2026 15:15,27/05/2027 15:15,01/10/2026 16:16
831246b2-10f7-463a-9b98-c6d0b559d1f3,inn.solar,resell,,,high,low,3,Dynadot Inc,22/01/2026 17:00,22/01/2027 17:00,26/09/2026 06:53
d93f2328-497e-4959-a807-008fcfe5a0f7,hotel.tennis,available,67.98,81.98,high,medium,5,namecheap,,,29/09/2026 23:01
869c7e71-6ea1-4495-9166-532ec75e9bab,travel.hot,premium,3450,3450,high,medium,6,namesilo,,,24/09/2026 22:30
1ab414ae-de22-4c96-8b79-cc8fb5312416,room.dental,available,78.99,78.99,high,low,4,namesilo,,,01/10/2026 16:16
8f29c4b1-790c-4b26-bd63-3536cd71d8d1,travel.movie,premium,1040,1040,high,medium,6,namecheap,,,24/09/2026 22:30
d272154e-80cf-4b54-9686-89172588f669,lodging.mobile,premium,621.2,621.2,high,low,7,spaceship,,,30/09/2026 01:55
e78c56fa-37e4-417f-9f0b-9f89879911cc,lodging.recipes,available,6.64,64.42,high,low,7,dynadot,,,30/09/2026 01:55
f0989f21-998e-41a2-b6d0-968c04c039c6,accommodation.theatre,available,500.2,500.2,high,low,13,cloudflare,,,29/09/2026 10:10
6897c11f-3f59-4aa0-b7b7-4c375ef88e28,room.apartments,premium,102.67,102.67,high,low,4,spaceship,,,01/10/2026 16:16
33be5aed-a51b-4fae-8546-514d1b139cb1,inn.melbourne,available,58,58,high,low,3,namesilo,,,21/09/2026 02:28
4b4e9c76-7517-4347-9372-6a9fe25eece3,hotel.industries,premium,242,242,high,medium,5,namesilo,,,29/09/2026 23:01
fe2904b9-2c79-4b0b-a105-df6e48b5c145,food.vin,premium,102.67,102.67,high,medium,4,spaceship,,,01/10/2026 22:52
1c7cfe99-9160-4144-839b-ff677ecae98e,room.sex,available,69.98,154.98,high,low,4,namecheap,,,01/10/2026 16:16
b6f8d655-9770-465e-a998-cb39d6f6d878,room.bid,resell,,,high,low,4,Porkbun,25/10/2021 02:48,25/10/2030 02:48,01/10/2026 16:16
2feebee1-d6fd-44fc-b44b-c492b4efffee,lodging.soccer,available,27.48,29.48,high,low,7,namecheap,,,30/09/2026 01:55
fb54fcb4-bf6d-4751-bd17-750fa1b8b7b6,inn.green,premium,1950,1950,high,low,3,namecheap,,,21/09/2026 02:28
27d4bdb7-802f-438a-9511-9911f914572a,inn.haus,premium,1000,1000,high,low,3,name.com,,,21/09/2026 02:28
37430738-0182-4e8b-a054-ef2ef8e028f1,lodging.academy,available,8.48,59.98,high,low,7,namecheap,,,30/09/2026 01:55
61b708ae-61f3-4d7e-85e3-47742ca31f99,lodging.help,resell,,,high,low,7,,,,30/09/2026 01:55
21d9e9de-07a6-41c1-afd3-0d875f6ceb45,inn.vin,available,8.99,59.99,high,low,3,namesilo,,,21/09/2026 02:28
06af56a1-5de8-476c-9d51-fe1692a1fbf9,lodging.family,premium,54.36,108.6,high,low,7,porkbun,,,30/09/2026 01:55
50f22071-bf44-4546-805b-399d932ab9eb,accommodation.webcam,available,10.79,10.79,high,low,13,porkbun,,,29/09/2026 10:10
47421089-c8bb-4969-9cf5-0e377c42c679,travel.beer,resell,,,high,medium,6,"Chengdu West Dimension Digital Technology Co., Ltd.",19/04/2020 08:56,19/04/2027 08:56,26/09/2026 09:44
610fe34f-402a-4d41-90da-2642f62d2550,travel.accountant,premium,1107,116,high,medium,6,namesilo,,,24/09/2026 22:30
5ca4e4ac-29ba-4807-981b-5df5b556ac62,hotel.onl,premium,275,550,high,medium,5,dynadot,,,29/09/2026 23:01
63af374e-bd61-4bfe-a762-d37e9c6bd2a0,room.dating,available,20.99,64.99,high,low,4,namesilo,,,01/10/2026 16:16
71a8d46a-4334-4a9e-b3bc-7908d2b731f5,inn.barcelona,available,39.99,42.99,high,low,3,name.com,,,21/09/2026 02:28
fd601afd-3be4-466e-a573-a83b5e62e7fd,lodging.tips,available,15.99,30.99,high,low,7,namesilo,,,30/09/2026 01:55
cc2400c8-82ba-4e93-8a8d-1d47eb433a81,inn.site,premium,1107,1107,high,low,3,namesilo,,,21/09/2026 02:28
68ffe35d-fd1e-4233-81f9-2a99ea5ce851,restaurant.hamburg,resell,,,high,low,10,,20/04/2016 14:44,20/04/2027 14:44,29/09/2026 08:14
705c4383-80cf-4c13-88ac-680233710215,room.sucks,available,218.99,218.99,high,low,4,namesilo,,,01/10/2026 16:16
47254cb9-e8b8-4781-ab9a-95bb8174268e,travel.solar,premium,512,512,high,medium,6,namesilo,,,24/09/2026 22:30
f0b352a6-69b7-4202-8825-15bac0574635,lodging.prof,premium,,,high,low,7,,,,30/09/2026 01:55
1350fe0c-70d7-4929-a4d3-6a41c45fd0f0,lodging.wedding,premium,83,26.08,high,low,7,spaceship,,,30/09/2026 01:55
2813e2cc-fd4c-4a1c-a6ce-21a58338e60f,inn.cleaning,available,80.99,103.99,high,low,3,name.com,,,21/09/2026 02:28
737ba7a0-a2af-4509-a3d6-acf270ff19ef,inn.kids,premium,390,23.4,high,low,3,namecheap,,,21/09/2026 02:28
f2afbf3a-beac-4e5c-9ed5-e9ccb364596b,accommodation.degree,available,52.99,52.99,high,low,13,namesilo,,,29/09/2026 10:10
f29e9486-e145-47c3-b505-c393f13a0195,accommodation.show,available,34.2,34.2,high,low,13,cloudflare,,,29/09/2026 10:10
af120025-5503-41b5-8f59-c655f97414ec,accommodation.diamonds,available,57.98,72.98,high,low,13,namecheap,,,29/09/2026 10:10
296c7bab-d31d-4624-89b0-d250d1fc33b3,inn.photos,available,15.99,29.99,high,low,3,namesilo,,,21/09/2026 02:28
2ff29d7a-aa7b-402b-918a-4eb53c750e4d,accommodation.rent,resell,,,high,low,13,,,,29/09/2026 10:10
ab01feb2-5ffe-4139-8ab8-be04df2240f8,guest.space,premium,2500.2,3500,high,low,5,unstoppable,,,29/09/2026 17:42
2a37b2d1-e00d-45aa-bac2-eb047de6aa3b,hotel.haus,premium,437.29,873.85,high,medium,5,porkbun,,,29/09/2026 23:01
6a69e8c7-00b7-4055-8f87-592a69b14417,accommodation.cat,available,18.83,25.04,high,low,13,spaceship,,,29/09/2026 10:10
cd139a6a-f6ef-453b-bc4e-66aee6c7892e,accommodation.contractors,available,28.15,28.15,high,low,13,spaceship,,,29/09/2026 10:10
78e1a7f8-7eb6-4ec1-be47-473539a4fa9d,accommodation.media,available,5.38,36.43,high,low,13,spaceship,,,29/09/2026 10:10
e8973b52-0ac2-4c40-ba28-b59947cfd254,travel.website,premium,13800,13800,high,medium,6,namesilo,,,24/09/2026 22:30
1f256fc8-ef50-4c96-bb8e-20c821742e00,restaurant.cv,premium,1108.25,9.75,high,low,10,dynadot,,,29/09/2026 08:14
5bc03e2f-c764-4943-a705-41530a015244,resort.coupons,available,5.99,54.99,high,low,6,namesilo,,,29/09/2026 22:04
54b2f05e-b1b5-4465-b0a9-c75ae016ad90,inn.pictures,premium,15.34,15.34,high,low,3,namesilo,,,21/09/2026 02:28
92a5f16b-bae9-4f67-90ea-d85c1ef17f2f,resort.gratis,available,23.99,23.99,high,low,6,namesilo,,,29/09/2026 22:04
7e56127a-fb1d-4589-9754-25feff6c5f4d,resort.accountant,premium,437.5,,high,low,6,name.com,,,29/09/2026 22:04
4165703c-cc20-4883-8249-7d0a92dec7e3,inn.fail,premium,42.9,42.9,high,low,3,namecheap,,,21/09/2026 02:28
b0244bde-8934-41b2-82f7-30c679e23166,hotel.repair,resell,,,high,medium,5,,,,29/09/2026 23:01
fb00550e-8da6-4afd-aebc-6ee4fd41911e,accommodation.trading,available,16.76,16.76,high,low,13,spaceship,,,29/09/2026 10:10
bf40811e-fb45-4df8-90e6-f37d8ba6867c,accommodation.bike,available,5.38,31.25,high,low,13,spaceship,,,29/09/2026 10:10
61329956-5974-4280-b409-7385e6e0d544,resort.group,resell,,,high,low,6,Alibaba Cloud Computing Ltd. d/b/a HiChina (www.net.cn),26/08/2020 16:32,26/08/2030 16:32,29/09/2026 22:04
1af2c28a-5e7b-4a97-aab6-6df7d7e8c36d,lodging.xxx,available,95.2,95.2,high,low,7,cloudflare,,,30/09/2026 01:55
6c9ec2a6-31e0-4f15-ad2f-272bf5441650,accommodation.archi,available,13.14,83,high,low,13,spaceship,,,29/09/2026 10:10
a97b9fd8-a816-4343-a4f2-3011de9b925b,accommodation.cards,available,30.2,30.2,high,low,13,cloudflare,,,29/09/2026 10:10
9f703098-d7a5-4a33-86ac-84841a27c2ad,guest.boston,available,18.88,18.88,high,low,5,spaceship,,,29/09/2026 17:42
577755b9-7e8c-437c-b00c-cae2246e0714,accommodation.church,available,13.5,,high,low,13,unstoppable,,,29/09/2026 10:10
a5d6c62c-a90f-4c5f-badc-05071c5fb71d,resort.hamburg,available,69.98,73.98,high,low,6,namecheap,,,29/09/2026 22:04
1f7dd76c-9789-4921-805e-6d6e673df178,food.desi,available,19.98,22.98,high,medium,4,namecheap,,,01/10/2026 22:52
dcc6ab72-7bb7-4940-a808-18e908f436d5,resort.me,premium,7044.31,16.44,high,low,6,spaceship,,,29/09/2026 22:04
34447ae4-a08a-46be-90a2-6c661e228049,accommodation.faith,available,10.53,10.53,high,low,13,spaceship,,,29/09/2026 10:10
7ede0c63-fdf1-4c07-bdec-32734c6bceef,hotel.degree,premium,242,242,high,medium,5,namesilo,,,29/09/2026 23:01
05f68aa7-a7e2-488e-bc7c-0ba4be3ef293,vacation.reise,available,75.2,75.2,high,low,8,cloudflare,,,29/09/2026 22:55
a76cad7a-5cff-4ce1-b9a5-6a1d11ba3899,resort.properties,premium,854,854,high,low,6,namesilo,,,29/09/2026 22:04
51675cae-a574-48eb-aa40-3a1bb21c02f2,inn.engineering,available,16.99,64.99,high,low,3,namesilo,,,21/09/2026 02:28
e6a90394-7880-48b8-8c2b-f99efa962715,accommodation.investments,available,100.2,100.2,high,low,13,cloudflare,,,29/09/2026 10:10
32df8a81-5f22-4696-b4ad-980998cc77b3,resort.cards,available,30.2,30.2,high,low,6,cloudflare,,,29/09/2026 22:04
f8b5af38-2b37-4aa2-83b3-fb0a23dca576,inn.condos,premium,242,242,high,low,3,namesilo,,,21/09/2026 02:28
8df9b491-62c6-42b1-bb5c-6d56ac812d25,accommodation.financial,available,23.99,58.99,high,low,13,namesilo,,,29/09/2026 10:10
271c1546-0b48-40ca-81e7-f2ce0aafafbb,restaurant.fast,premium,110,108.9,high,low,10,dynadot,,,29/09/2026 08:14
275c4a5b-17a2-4f4f-a0cb-abe266971b62,inn.rehab,available,36.99,36.99,high,low,3,namesilo,,,21/09/2026 02:28
7a3e22db-b01d-4383-a78b-0c41cd790247,inn.gallery,premium,123.75,123.75,high,low,3,name.com,,,21/09/2026 02:28
738cdf9f-11c1-49f3-90b9-070cf43d23a4,lodging.forum,available,2.19,34.99,high,low,7,namesilo,,,30/09/2026 01:55
22435744-88cc-4fb7-9996-f627f12e3bbf,room.graphics,available,18.2,18.2,high,low,4,cloudflare,,,01/10/2026 16:16
7a24dc4d-e380-4473-ab8b-6f9c167f7e9a,room.country,available,2140.22,2140.22,high,low,4,dynadot,,,01/10/2026 16:16
39b80295-4c02-45be-b678-d3c2a3e68b35,inn.locker,premium,159.23,8.8,high,low,3,namesilo,,,21/09/2026 02:28
05a9e8d4-e928-4522-b489-e60e103c777c,resort.voyage,available,46.78,46.78,high,low,6,spaceship,,,29/09/2026 22:04
459ede3f-5838-4b43-a427-4635044d8500,travel.motorcycles,available,1.99,17.29,high,medium,6,namesilo,,,24/09/2026 22:30
34914b23-9001-43fd-8fe5-0ea67df0ebc3,room.online,premium,1293.95,5175.2,high,low,4,spaceship,,,01/10/2026 16:16
c7a235d8-c1f6-4aaa-818b-6690f1a2a99b,accommodation.solar,available,51.95,51.95,high,low,13,spaceship,,,29/09/2026 10:10
fa4a37ab-c7eb-4bc1-babc-e81311d841d6,resort.onl,available,5.49,23.49,high,low,6,namesilo,,,29/09/2026 22:04
eb8de7ae-c693-45cd-a1c0-7fd3be67070d,travel.dad,premium,1298.7,1298.7,high,medium,6,namecheap,,,24/09/2026 22:30
06f1bb1a-3858-4ae1-b7da-d01eb3cb4057,guest.my,premium,390.35,557.64,high,low,5,spaceship,,,29/09/2026 17:42
0371b6b5-4b92-4338-8c67-5c2c306ca4d7,accommodation.center,available,3.5,26.97,high,low,13,dynadot,,,29/09/2026 10:10
ef921543-cd75-4c9c-b594-5e51ed9f38b5,accommodation.press,premium,302.5,302.5,high,low,13,namesilo,,,29/09/2026 10:10
ecaaf26f-7cfb-4df7-bdfc-2ace1f45430b,food.country,available,2064.2,2064.2,high,medium,4,spaceship,,,01/10/2026 22:52
956f5277-c5cc-4f8b-9181-928f6e5eccf9,resort.diet,available,104.99,114.99,high,low,6,namesilo,,,29/09/2026 22:04
fb9c08b3-6ee7-4a1c-82c9-bb69affd0e9f,resort.reise,available,77.83,77.83,high,low,6,spaceship,,,29/09/2026 22:04
a32601ce-b887-45ee-8554-09cfd8779d61,inn.my,resell,,,high,low,3,"Dynadot, LLC",27/06/2024 07:33,27/06/2027 07:33,26/09/2026 06:52
042c0048-0ba2-4b66-bd03-cbbbcd539725,resort.co,resell,,,high,low,6,InternetX GmbH,25/02/2010 00:47,24/02/2027 23:59,29/09/2026 22:04
f8359910-47c7-493c-8acd-4aa391b5fa9f,food.co,resell,,,high,medium,4,Dynadot Inc,25/02/2010 00:47,24/02/2028 23:59,01/10/2026 22:52
68e6684f-cd86-4d11-b4f8-782ab1a53e35,resort.realty,premium,5500,5500,high,low,6,dynadot,,,29/09/2026 22:04
88a882d8-a4d7-4825-b186-95f4d2cba550,lodging.monster,available,1.99,17.29,high,low,7,namesilo,,,30/09/2026 01:55
246e8aa5-240d-47b9-88de-e19e80a79b05,room.reise,available,75.2,75.2,high,low,4,cloudflare,,,01/10/2026 16:16
ce10d008-b01e-4112-8de5-0e5d152f615b,room.marketing,premium,54.36,108.6,high,low,4,porkbun,,,01/10/2026 16:16
53096193-cd39-4914-b943-88ef5f38989d,lodging.rent,premium,640,640,high,low,7,namesilo,,,30/09/2026 01:55
4fea1f5f-c3b7-495f-93db-0fa35efc24bd,tourism.villas,available,47.81,47.81,high,low,7,spaceship,,,29/09/2026 20:31
8cac6331-8f83-40c5-9c1e-d67ae5c20f14,tourism.quest,resell,,,high,low,7,,,,29/09/2026 20:31
068e3daa-d0bb-4881-b97c-c632945f69bf,travel.family,premium,1300,1300,high,medium,6,namecheap,,,24/09/2026 22:30
46a555cd-578f-4e8e-b760-31e518208e1b,lodging.tv,resell,,,high,low,7,,,,30/09/2026 01:55
93ea1d42-c3ae-4659-8bf0-5ff6a1af4e65,lodging.glass,available,72.99,72.99,high,low,7,namesilo,,,30/09/2026 01:55
e9ea3c36-4a83-4625-ba29-47b58dbe9059,lodging.computer,available,22.5,,high,low,7,unstoppable,,,30/09/2026 01:55
25780ef5-b76e-42da-8bbe-fdf2cfaee80d,resort.store,premium,1107,1107,high,low,6,namesilo,,,29/09/2026 22:04
6c085fd8-370a-4f71-bf59-da3ee7230070,room.chat,resell,,,high,low,4,"Spaceship, Inc.",02/08/2021 08:31,02/08/2027 08:31,01/10/2026 16:16
31d6557a-7797-4787-a3e9-eddaf7d68d85,travel.degree,available,52.99,52.99,high,medium,6,namesilo,,,24/09/2026 22:30
6928c72c-959d-4af7-b375-3937bcdf7ed3,accommodation.barcelona,available,38.98,38.98,high,low,13,namecheap,,,29/09/2026 10:10
3b3074a9-3a05-4135-9d18-08ce2f635a11,hotel.golf,premium,207.2,207.2,high,medium,5,spaceship,,,29/09/2026 23:01
9fc53398-4852-4d8b-a8ec-5940f1a60e50,lodging.tube,available,21.11,21.11,high,low,7,porkbun,,,30/09/2026 01:55
8f2d184d-e41e-4c77-90cc-212462d0ae37,resort.webcam,premium,110,27.5,high,low,6,dynadot,,,29/09/2026 22:04
45e5229d-844a-4abe-b539-582cf9bd47e2,tourism.locker,premium,517.7,31.25,high,low,7,spaceship,,,29/09/2026 20:31
5dde228b-6daa-4c20-8746-e715417b1469,accommodation.doctor,available,90.2,90.2,high,low,13,cloudflare,,,29/09/2026 10:10
1ae1725f-c5c5-4b18-a84a-257bf0fc59a8,lodge.maison,available,45.74,45.74,high,low,5,spaceship,,,28/09/2026 23:14
eafb247f-b941-496f-a23a-c417e88f15c4,hotel.vet,premium,260,260,high,medium,5,namecheap,,,29/09/2026 23:01
ddd2dd79-3dca-4431-9e56-58efcb0a918c,resort.design,premium,2660,2660,high,low,6,namesilo,,,29/09/2026 22:04
ac7d7353-f276-4a8b-bcf5-e02501c5ec8a,tourism.catering,available,31.25,31.25,high,low,7,spaceship,,,29/09/2026 20:31
6dd1f0f0-8126-45b7-a754-c9ec5c5828ce,hotel.phd,premium,1344.67,1344.67,high,medium,5,spaceship,,,29/09/2026 23:01
c5c94423-37bf-4f98-a2d4-cee658a857f4,hotel.fashion,resell,,,high,medium,5,West263 International Limited,11/01/2026 13:12,11/01/2027 13:12,29/09/2026 23:01
173d8810-a944-4c97-91b0-5fc23e4771c3,hotel.rich,available,94.99,1999,high,medium,5,namesilo,,,29/09/2026 23:01
3067d53a-67af-49b0-9717-1990bfb93cf6,tourism.surgery,available,43.67,43.67,high,low,7,spaceship,,,29/09/2026 20:31
c3b877db-46ee-45ae-a7b5-fd652ee8af48,accommodation.hamburg,available,69.98,73.98,high,low,13,namecheap,,,29/09/2026 10:10
ed5d89e4-7ea8-4864-941f-70301fa54ac8,resort.bar,premium,652.25,931.7,high,low,6,spaceship,,,29/09/2026 22:04
53ecca65-2762-4b70-8f4a-9d9ab3ae76a4,tourism.tours,premium,108.9,108.9,high,low,7,dynadot,,,29/09/2026 20:31
9fbb896b-8d6e-4a7d-9e29-2920cdbfa2a0,resort.wedding,premium,5000,,high,low,6,name.com,,,29/09/2026 22:04